Latitude,Longitude,Elevation,Battery state of charge,Outside temp,Driving Behavior,,
51.4935304,7.44923686,105,99,28,7,,0.075
51.49352,7.44923,105,98.925,28,7,,
51.49348,7.44882,105,98.85,28,7,,
51.49338,7.44872,105,98.775,28,7,,
51.49335,7.44879,105,98.7,28,7,,
51.49345,7.44986,103,98.625,28,7,,
51.49459,7.44959,110,98.55,28,7,,
51.49475,7.4493,109,98.475,28,7,,
51.4949,7.44908,108,98.4,28,7,,
51.49638,7.44762,108,98.325,28,7,,
51.49667,7.44763,108,98.25,28,7,,
51.49673,7.44766,108,98.175,28,7,,
51.49688,7.44781,108,98.1,28,7,,
51.49703,7.44811,109,98.025,28,7,,
51.4972,7.44835,109,97.95,28,7,,
51.49814,7.44945,113,97.875,28,7,,
51.49832,7.44963,113,97.8,28,7,,
51.49921,7.45035,115,97.725,28,7,,
51.49932,7.45046,116,97.65,28,7,,
51.49943,7.4506,118,97.575,28,7,,
51.49982,7.45124,118,97.5,28,7,,
51.49984,7.45126,117,97.425,28,7,,
51.49993,7.45127,116,97.35,28,7,,
51.49995,7.45122,116,97.275,28,7,,
51.49995,7.45114,115,97.2,28,7,,
51.49992,7.45107,116,97.125,28,7,,
51.49962,7.45056,118,97.05,28,7,,
51.49941,7.45025,116,96.975,28,7,,
51.4992,7.4498,115,96.9,28,7,,
51.49778,7.4473,113,96.825,28,7,,
51.49766,7.44702,113,96.75,28,7,,
51.49761,7.44659,112,96.675,28,7,,
51.49754,7.4462,112,96.6,28,7,,
51.49752,7.44545,109,96.525,28,7,,
51.49751,7.44401,110,96.45,28,7,,
51.49754,7.44177,111,96.375,28,7,,
51.49762,7.43931,106,96.3,28,7,,
51.49799,7.4295,110,96.225,28,7,,
51.498,7.42764,111,96.15,28,7,,
51.49798,7.42626,115,96.075,28,7,,
51.49784,7.42421,113,96,28,7,,
51.49774,7.42327,113,95.925,28,7,,
51.49761,7.42215,114,95.85,28,7,,
51.49691,7.41679,108,95.775,28,7,,
51.49629,7.4123,117,95.7,28,7,,
51.49583,7.40856,118,95.625,28,7,,
51.4957,7.40736,121,95.55,28,7,,
51.49565,7.40676,121,95.475,28,7,,
51.49561,7.40591,119,95.4,28,7,,
51.49558,7.40571,119,95.325,28,7,,
51.49557,7.40525,117,95.25,28,7,,
51.49559,7.40449,116,95.175,28,7,,
51.49564,7.40323,115,95.1,28,7,,
51.49573,7.40238,114,95.025,28,7,,
51.49726,7.39013,100,94.95,28,7,,
51.49767,7.38653,101,94.875,28,7,,
51.49781,7.38493,96,94.8,28,7,,
51.49785,7.38436,97,94.725,28,7,,
51.49792,7.38284,99,94.65,28,7,,
51.49795,7.38162,95,94.575,28,7,,
51.49793,7.37955,96,94.5,28,7,,
51.49788,7.37768,96,94.425,28,7,,
51.49783,7.37696,96,94.35,28,7,,
51.49762,7.37455,94,94.275,28,7,,
51.4975,7.37365,94,94.2,28,7,,
51.49726,7.37207,87,94.125,28,7,,
51.49696,7.37058,89,94.05,28,7,,
51.49657,7.36903,90,93.975,28,7,,
51.49615,7.36766,93,93.9,28,7,,
51.49583,7.36677,88,93.825,28,7,,
51.49537,7.3656,87,93.75,28,7,,
51.49426,7.36287,86,93.675,28,7,,
51.49403,7.36225,87,93.6,28,7,,
51.49348,7.36057,87,93.525,28,7,,
51.49328,7.35986,89,93.45,28,7,,
51.49305,7.35882,90,93.375,28,7,,
51.49287,7.3578,89,93.3,28,7,,
51.49273,7.35662,89,93.225,28,7,,
51.49268,7.35603,88,93.15,28,7,,
51.49264,7.35519,90,93.075,28,7,,
51.49263,7.35437,89,93,28,7,,
51.49265,7.35329,91,92.925,28,7,,
51.49271,7.35221,91,92.85,28,7,,
51.49278,7.35129,89,92.775,28,7,,
51.49297,7.3494,92,92.7,28,7,,
51.49328,7.3471,93,92.625,28,7,,
51.49352,7.34557,92,92.55,28,7,,
51.49384,7.34391,96,92.475,28,7,,
51.4942,7.34221,103,92.4,28,7,,
51.49443,7.34124,104,92.325,28,7,,
51.49483,7.33971,111,92.25,28,7,,
51.49519,7.33844,114,92.175,28,7,,
51.49567,7.33688,109,92.1,28,7,,
51.4964,7.33476,110,92.025,28,7,,
51.49668,7.33381,112,91.95,28,7,,
51.49686,7.33295,109,91.875,28,7,,
51.49694,7.33243,109,91.8,28,7,,
51.49702,7.33147,112,91.725,28,7,,
51.49704,7.33105,114,91.65,28,7,,
51.49704,7.3306,114,91.575,28,7,,
51.49701,7.32982,114,91.5,28,7,,
51.49665,7.32645,120,91.425,28,7,,
51.49647,7.32434,122,91.35,28,7,,
51.49634,7.32256,116,91.275,28,7,,
51.49626,7.32106,116,91.2,28,7,,
51.49617,7.31871,117,91.125,28,7,,
51.49612,7.31696,117,91.05,28,7,,
51.49612,7.31464,113,90.975,28,7,,
51.49613,7.31361,113,90.9,28,7,,
51.49624,7.30997,105,90.825,28,7,,
51.49642,7.30666,109,90.75,28,7,,
51.49656,7.30306,112,90.675,28,7,,
51.4967,7.29557,98,90.6,28,7,,
51.49676,7.29366,103,90.525,28,7,,
51.49679,7.29162,102,90.45,28,7,,
51.49693,7.28412,113,90.375,28,7,,
51.49696,7.28179,116,90.3,28,7,,
51.49705,7.27763,120,90.225,28,7,,
51.497,7.27429,124,90.15,28,7,,
51.49691,7.27267,123,90.075,28,7,,
51.49675,7.27047,128,90,28,7,,
51.49657,7.26878,127,89.925,28,7,,
51.49622,7.26624,127,89.85,28,7,,
51.4958,7.26389,126,89.775,28,7,,
51.49537,7.26175,127,89.7,28,7,,
51.49509,7.26021,126,89.625,28,7,,
51.49485,7.25858,127,89.55,28,7,,
51.49469,7.2569,125,89.475,28,7,,
51.49465,7.25627,129,89.4,28,7,,
51.49457,7.25455,135,89.325,28,7,,
51.49457,7.25305,132,89.25,28,7,,
51.49464,7.25152,134,89.175,28,7,,
51.49473,7.25031,130,89.1,28,7,,
51.49485,7.24916,127,89.025,28,7,,
51.4953,7.24545,122,88.95,28,7,,
51.49536,7.24446,122,88.875,28,7,,
51.49538,7.24386,120,88.8,28,7,,
51.49538,7.24321,118,88.725,28,7,,
51.49527,7.24141,126,88.65,28,7,,
51.4951,7.2402,125,88.575,28,7,,
51.49448,7.23768,117,88.5,28,7,,
51.49438,7.23693,116,88.425,28,7,,
51.49434,7.23623,115,88.35,28,7,,
51.49435,7.23547,112,88.275,28,7,,
51.49441,7.23478,111,88.2,28,7,,
51.4945,7.23417,109,88.125,28,7,,
51.49458,7.23377,110,88.05,28,7,,
51.49477,7.23311,112,87.975,28,7,,
51.49499,7.23247,107,87.9,28,7,,
51.49531,7.23172,107,87.825,28,7,,
51.49614,7.23006,103,87.75,28,7,,
51.49667,7.22905,101,87.675,28,7,,
51.49704,7.22822,96,87.6,28,7,,
51.49721,7.2278,94,87.525,28,7,,
51.4976,7.22668,92,87.45,28,7,,
51.49776,7.22611,95,87.375,28,7,,
51.49793,7.22544,90,87.3,28,7,,
51.49819,7.22406,89,87.225,28,7,,
51.49832,7.22314,87,87.15,28,7,,
51.49844,7.22193,85,87.075,28,7,,
51.49852,7.22039,85,87,28,7,,
51.49852,7.21856,84,86.925,28,7,,
51.4985,7.21735,82,86.85,28,7,,
51.49847,7.21665,84,86.775,28,7,,
51.49835,7.21454,81,86.7,28,7,,
51.498,7.2101,78,86.625,28,7,,
51.49772,7.20717,81,86.55,28,7,,
51.4975,7.20522,79,86.475,28,7,,
51.49717,7.20235,82,86.4,28,7,,
51.4969,7.20027,78,86.325,28,7,,
51.49672,7.19872,81,86.25,28,7,,
51.49656,7.19718,77,86.175,28,7,,
51.4965,7.1964,77,86.1,28,7,,
51.49637,7.19416,74,86.025,28,7,,
51.49627,7.19186,75,85.95,28,7,,
51.49619,7.19065,75,85.875,28,7,,
51.49607,7.18962,74,85.8,28,7,,
51.49593,7.18885,75,85.725,28,7,,
51.49575,7.18817,74,85.65,28,7,,
51.49552,7.18752,70,85.575,28,7,,
51.49523,7.1869,70,85.5,28,7,,
51.49496,7.18645,73,85.425,28,7,,
51.49449,7.18581,70,85.35,28,7,,
51.49414,7.18547,67,85.275,28,7,,
51.49371,7.18515,63,85.2,28,7,,
51.49331,7.18494,62,85.125,28,7,,
51.49294,7.18481,64,85.05,28,7,,
51.49253,7.18474,64,84.975,28,7,,
51.49212,7.18475,66,84.9,28,7,,
51.49056,7.18505,72,84.825,28,7,,
51.48986,7.18508,71,84.75,28,7,,
51.4895,7.18503,70,84.675,28,7,,
51.48876,7.18485,75,84.6,28,7,,
51.48801,7.18462,75,84.525,28,7,,
51.48715,7.18427,74,84.45,28,7,,
51.48645,7.18386,71,84.375,28,7,,
51.48574,7.18333,72,84.3,28,7,,
51.48508,7.18275,66,84.225,28,7,,
51.4846,7.18225,65,84.15,28,7,,
51.48415,7.18173,60,84.075,28,7,,
51.4837,7.18116,62,84,28,7,,
51.48281,7.17986,63,83.925,28,7,,
51.48241,7.17917,65,83.85,28,7,,
51.48166,7.17774,61,83.775,28,7,,
51.48134,7.177,62,83.7,28,7,,
51.48085,7.17564,65,83.625,28,7,,
51.48053,7.17465,66,83.55,28,7,,
51.48023,7.17356,67,83.475,28,7,,
51.4799,7.17205,66,83.4,28,7,,
51.47924,7.16743,65,83.325,28,7,,
51.4789,7.16576,66,83.25,28,7,,
51.47858,7.16448,64,83.175,28,7,,
51.47757,7.16141,74,83.1,28,7,,
51.47705,7.15968,74,83.025,28,7,,
51.47673,7.15845,74,82.95,28,7,,
51.47622,7.15628,72,82.875,28,7,,
51.47602,7.15527,75,82.8,28,7,,
51.47574,7.15368,70,82.725,28,7,,
51.47542,7.15156,71,82.65,28,7,,
51.47513,7.14943,76,82.575,28,7,,
51.4748,7.14666,75,82.5,28,7,,
51.4746,7.14438,72,82.425,28,7,,
51.47452,7.1433,76,82.35,28,7,,
51.47448,7.14246,73,82.275,28,7,,
51.47444,7.14113,75,82.2,28,7,,
51.47444,7.13848,78,82.125,28,7,,
51.47454,7.13503,79,82.05,28,7,,
51.47457,7.13301,79,81.975,28,7,,
51.47457,7.13184,79,81.9,28,7,,
51.47445,7.12893,79,81.825,28,7,,
51.47437,7.12799,80,81.75,28,7,,
51.47405,7.12516,79,81.675,28,7,,
51.47378,7.12356,79,81.6,28,7,,
51.47361,7.12266,79,81.525,28,7,,
51.47336,7.12152,78,81.45,28,7,,
51.47219,7.11655,74,81.375,28,7,,
51.47192,7.11524,70,81.3,28,7,,
51.47185,7.1148,70,81.225,28,7,,
51.47171,7.1138,70,81.15,28,7,,
51.47166,7.11336,71,81.075,28,7,,
51.47159,7.11234,72,81,28,7,,
51.47157,7.11156,73,80.925,28,7,,
51.47157,7.11052,75,80.85,28,7,,
51.47161,7.10954,73,80.775,28,7,,
51.47165,7.10908,73,80.7,28,7,,
51.47174,7.1082,78,80.625,28,7,,
51.4722,7.1053,81,80.55,28,7,,
51.47233,7.10419,73,80.475,28,7,,
51.47236,7.10373,73,80.4,28,7,,
51.47238,7.10282,71,80.325,28,7,,
51.47234,7.10187,72,80.25,28,7,,
51.47228,7.1013,76,80.175,28,7,,
51.4721,7.10022,79,80.1,28,7,,
51.47182,7.09911,82,80.025,28,7,,
51.47161,7.09853,81,79.95,28,7,,
51.47129,7.09778,81,79.875,28,7,,
51.47097,7.09713,82,79.8,28,7,,
51.46982,7.09513,82,79.725,28,7,,
51.46917,7.09406,85,79.65,28,7,,
51.46695,7.0903,78,79.575,28,7,,
51.46649,7.08948,80,79.5,28,7,,
51.4663,7.08907,79,79.425,28,7,,
51.46608,7.08851,81,79.35,28,7,,
51.46596,7.08816,81,79.275,28,7,,
51.46577,7.08746,80,79.2,28,7,,
51.46565,7.08681,79,79.125,28,7,,
51.46555,7.08619,80,79.05,28,7,,
51.46535,7.08441,77,78.975,28,7,,
51.46495,7.08031,77,78.9,28,7,,
51.46471,7.0774,74,78.825,28,7,,
51.46465,7.07624,74,78.75,28,7,,
51.4645,7.07391,77,78.675,28,7,,
51.46441,7.072,83,78.6,28,7,,
51.46425,7.0663,91,78.525,28,7,,
51.46423,7.06601,90,78.45,28,7,,
51.46407,7.06502,91,78.375,28,7,,
51.46396,7.06458,93,78.3,28,7,,
51.46376,7.06393,93,78.225,28,7,,
51.46268,7.06116,100,78.15,28,7,,
51.46137,7.05764,106,78.075,28,7,,
51.46059,7.05538,107,78,28,7,,
51.45994,7.05338,109,77.925,28,7,,
51.45947,7.05204,110,77.85,28,7,,
51.45905,7.05102,108,77.775,28,7,,
51.45836,7.04948,109,77.7,28,7,,
51.45709,7.04696,109,77.625,28,7,,
51.45678,7.04637,109,77.55,28,7,,
51.45618,7.04533,107,77.475,28,7,,
51.45605,7.04501,105,77.4,28,7,,
51.45576,7.04439,104,77.325,28,7,,
51.45565,7.04411,104,77.25,28,7,,
51.4554,7.0433,103,77.175,28,7,,
51.45512,7.04223,103,77.1,28,7,,
51.45489,7.04164,100,77.025,28,7,,
51.45466,7.04121,100,76.95,28,7,,
51.45448,7.04095,102,76.875,28,7,,
51.45428,7.04071,105,76.8,28,7,,
51.454,7.04043,106,76.725,28,7,,
51.45361,7.04015,108,76.65,28,7,,
51.45242,7.03961,109,76.575,28,7,,
51.45074,7.0389,114,76.5,28,7,,
51.44913,7.0383,111,76.425,28,7,,
51.44808,7.03788,109,76.35,28,7,,
51.44687,7.03743,109,76.275,28,7,,
51.44587,7.03712,106,76.2,28,7,,
51.44549,7.03706,103,76.125,28,7,,
51.44503,7.03702,102,76.05,28,7,,
51.4436,7.037,99,75.975,28,7,,
51.44207,7.03675,107,75.9,28,7,,
51.4415,7.03658,108,75.825,28,7,,
51.44105,7.03641,106,75.75,28,7,,
51.44063,7.03619,108,75.675,28,7,,
51.44022,7.03589,106,75.6,28,7,,
51.43978,7.03551,108,75.525,28,7,,
51.43945,7.03516,108,75.45,28,7,,
51.43914,7.03477,111,75.375,28,7,,
51.4387,7.0341,112,75.3,28,7,,
51.43837,7.03346,110,75.225,28,7,,
51.43813,7.03288,111,75.15,28,7,,
51.43778,7.03181,115,75.075,28,7,,
51.43724,7.02999,111,75,28,7,,
51.43705,7.02943,112,74.925,28,7,,
51.43685,7.02895,111,74.85,28,7,,
51.43668,7.02859,110,74.775,28,7,,
51.43636,7.028,111,74.7,28,7,,
51.43599,7.02745,112,74.625,28,7,,
51.43558,7.02696,112,74.55,28,7,,
51.43435,7.02569,110,74.475,28,7,,
51.43381,7.02502,105,74.4,28,7,,
51.43348,7.02452,103,74.325,28,7,,
51.43305,7.02379,102,74.25,28,7,,
51.43102,7.01999,94,74.175,28,7,,
51.42945,7.01718,95,74.1,28,7,,
51.42841,7.0154,101,74.025,28,7,,
51.42725,7.0136,104,73.95,28,7,,
51.42622,7.01213,104,73.875,28,7,,
51.42511,7.01062,108,73.8,28,7,,
51.42468,7.00999,110,73.725,28,7,,
51.42408,7.00896,115,73.65,28,7,,
51.42384,7.00845,114,73.575,28,7,,
51.42363,7.00795,113,73.5,28,7,,
51.42342,7.00733,114,73.425,28,7,,
51.42326,7.0068,116,73.35,28,7,,
51.4231,7.0061,115,73.275,28,7,,
51.42299,7.00543,119,73.2,28,7,,
51.42292,7.0049,122,73.125,28,7,,
51.42286,7.00376,122,73.05,28,7,,
51.42287,7.00288,120,72.975,28,7,,
51.4229,7.00223,121,72.9,28,7,,
51.42298,7.00153,121,72.825,28,7,,
51.42318,7,122,72.75,28,7,,
51.42334,6.99827,118,72.675,28,7,,
51.42336,6.99796,118,72.6,28,7,,
51.42338,6.9968,118,72.525,28,7,,
51.42335,6.99503,121,72.45,28,7,,
51.42312,6.99136,116,72.375,28,7,,
51.42302,6.99049,120,72.3,28,7,,
51.42288,6.98942,122,72.225,28,7,,
51.42265,6.98806,125,72.15,28,7,,
51.42227,6.9864,128,72.075,28,7,,
51.42188,6.985,131,72,28,7,,
51.42167,6.98429,129,71.925,28,7,,
51.42145,6.9837,130,71.85,28,7,,
51.42105,6.98272,129,71.775,28,7,,
51.42066,6.98189,134,71.7,28,7,,
51.41985,6.98047,140,71.625,28,7,,
51.41847,6.9782,142,71.55,28,7,,
51.41796,6.97743,139,71.475,28,7,,
51.41705,6.97613,141,71.4,28,7,,
51.41639,6.97526,144,71.325,28,7,,
51.41573,6.97444,145,71.25,28,7,,
51.41453,6.97307,143,71.175,28,7,,
51.41161,6.97,151,71.1,28,7,,
51.41039,6.96861,153,71.025,28,7,,
51.40867,6.9665,155,70.95,28,7,,
51.40843,6.96618,156,70.875,28,7,,
51.40733,6.96469,157,70.8,28,7,,
51.40603,6.96279,154,70.725,28,7,,
51.40538,6.96177,149,70.65,28,7,,
51.40469,6.96063,152,70.575,28,7,,
51.40417,6.95972,150,70.5,28,7,,
51.40341,6.95835,150,70.425,28,7,,
51.40298,6.95751,148,70.35,28,7,,
51.40239,6.95631,148,70.275,28,7,,
51.40033,6.95203,148,70.2,28,7,,
51.39994,6.95126,148,70.125,28,7,,
51.39835,6.94835,137,70.05,28,7,,
51.39787,6.94756,135,69.975,28,7,,
51.397,6.94623,135,69.9,28,7,,
51.39634,6.94524,133,69.825,28,7,,
51.39019,6.93634,119,69.75,28,7,,
51.38945,6.93521,121,69.675,28,7,,
51.38856,6.9338,126,69.6,28,7,,
51.38813,6.93307,125,69.525,28,7,,
51.38779,6.93244,127,69.45,28,7,,
51.38694,6.93074,121,69.375,28,7,,
51.3866,6.92996,120,69.3,28,7,,
51.38623,6.92907,119,69.225,28,7,,
51.38573,6.92771,115,69.15,28,7,,
51.3854,6.92669,110,69.075,28,7,,
51.38504,6.9255,107,69,28,7,,
51.38475,6.92438,104,68.925,28,7,,
51.38442,6.923,105,68.85,28,7,,
51.38419,6.92182,106,68.775,28,7,,
51.38351,6.9179,104,68.7,28,7,,
51.38282,6.91362,97,68.625,28,7,,
51.38264,6.91264,90,68.55,28,7,,
51.38234,6.91119,86,68.475,28,7,,
51.38175,6.90862,67,68.4,28,7,,
51.3815,6.90762,61,68.325,28,7,,
51.3807,6.90492,22,68.25,28,7,,
51.38029,6.90372,37,68.175,28,7,,
51.3798,6.90244,55,68.1,28,7,,
51.37881,6.90014,61,68.025,28,7,,
51.37821,6.89883,70,67.95,28,7,,
51.37767,6.89772,49,67.875,28,7,,
51.37709,6.89666,57,67.8,28,7,,
51.37596,6.89474,90,67.725,28,7,,
51.37519,6.89358,86,67.65,28,7,,
51.37414,6.8921,101,67.575,28,7,,
51.37319,6.8909,109,67.5,28,7,,
51.37249,6.89006,106,67.425,28,7,,
51.37081,6.88813,104,67.35,28,7,,
51.36967,6.88685,100,67.275,28,7,,
51.36509,6.88157,92,67.2,28,7,,
51.36437,6.88068,92,67.125,28,7,,
51.3634,6.87939,87,67.05,28,7,,
51.36281,6.87854,87,66.975,28,7,,
51.36217,6.87755,82,66.9,28,7,,
51.3616,6.87662,82,66.825,28,7,,
51.36106,6.87568,84,66.75,28,7,,
51.36061,6.87485,84,66.675,28,7,,
51.35998,6.87363,82,66.6,28,7,,
51.35842,6.87033,82,66.525,28,7,,
51.35792,6.86929,78,66.45,28,7,,
51.35726,6.86801,78,66.375,28,7,,
51.35681,6.86714,76,66.3,28,7,,
51.35616,6.86602,74,66.225,28,7,,
51.35551,6.86498,75,66.15,28,7,,
51.35496,6.86413,73,66.075,28,7,,
51.35403,6.86281,74,66,28,7,,
51.35355,6.86219,75,65.925,28,7,,
51.35265,6.86107,78,65.85,28,7,,
51.34921,6.85701,73,65.775,28,7,,
51.34818,6.85574,77,65.7,28,7,,
51.34428,6.85116,74,65.625,28,7,,
51.34283,6.84965,71,65.55,28,7,,
51.3423,6.84924,70,65.475,28,7,,
51.34129,6.84854,70,65.4,28,7,,
51.34053,6.84815,68,65.325,28,7,,
51.3397,6.84776,63,65.25,28,7,,
51.33547,6.846,54,65.175,28,7,,
51.33507,6.84579,53,65.1,28,7,,
51.33403,6.8452,52,65.025,28,7,,
51.33351,6.84485,55,64.95,28,7,,
51.3329,6.8444,54,64.875,28,7,,
51.33222,6.84386,54,64.8,28,7,,
51.33151,6.84321,55,64.725,28,7,,
51.33086,6.84256,54,64.65,28,7,,
51.32995,6.84156,55,64.575,28,7,,
51.32946,6.84095,54,64.5,28,7,,
51.32906,6.84042,53,64.425,28,7,,
51.32843,6.83953,53,64.35,28,7,,
51.32806,6.83895,52,64.275,28,7,,
51.3276,6.83819,52,64.2,28,7,,
51.32697,6.83707,50,64.125,28,7,,
51.32261,6.82854,49,64.05,28,7,,
51.32172,6.82688,48,63.975,28,7,,
51.32113,6.82588,48,63.9,28,7,,
51.32069,6.82522,48,63.825,28,7,,
51.32002,6.82431,48,63.75,28,7,,
51.31923,6.82339,50,63.675,28,7,,
51.31868,6.82282,52,63.6,28,7,,
51.31748,6.82172,50,63.525,28,7,,
51.3156,6.82023,49,63.45,28,7,,
51.31111,6.81672,49,63.375,28,7,,
51.31043,6.81613,47,63.3,28,7,,
51.30973,6.81546,50,63.225,28,7,,
51.30897,6.81461,46,63.15,28,7,,
51.30844,6.81393,40,63.075,28,7,,
51.30644,6.81116,40,63,28,7,,
51.30602,6.81065,42,62.925,28,7,,
51.30562,6.81021,41,62.85,28,7,,
51.30519,6.80977,42,62.775,28,7,,
51.30483,6.80943,42,62.7,28,7,,
51.30401,6.80881,43,62.625,28,7,,
51.3034,6.80846,47,62.55,28,7,,
51.30271,6.80814,42,62.475,28,7,,
51.30241,6.80802,42,62.4,28,7,,
51.30145,6.80774,44,62.325,28,7,,
51.2999,6.80738,44,62.25,28,7,,
51.2994,6.80714,40,62.175,28,7,,
51.29908,6.80695,42,62.1,28,7,,
51.29818,6.80663,39,62.025,28,7,,
51.2973,6.80623,40,61.95,28,7,,
51.29662,6.80589,42,61.875,28,7,,
51.29592,6.80539,41,61.8,28,7,,
51.29541,6.80494,40,61.725,28,7,,
51.29262,6.80201,43,61.65,28,7,,
51.29226,6.80157,46,61.575,28,7,,
51.29188,6.80104,44,61.5,28,7,,
51.29157,6.80045,40,61.425,28,7,,
51.29139,6.8,40,61.35,28,7,,
51.29118,6.79929,40,61.275,28,7,,
51.2911,6.79893,40,61.2,28,7,,
51.29103,6.79847,41,61.125,28,7,,
51.29099,6.79805,38,61.05,28,7,,
51.29097,6.79764,37,60.975,28,7,,
51.29097,6.79719,37,60.9,28,7,,
51.29105,6.79602,38,60.825,28,7,,
51.29107,6.79541,42,60.75,28,7,,
51.29112,6.79455,39,60.675,28,7,,
51.29108,6.79321,39,60.6,28,7,,
51.29097,6.792,39,60.525,28,7,,
51.29084,6.79124,38,60.45,28,7,,
51.29076,6.7908,39,60.375,28,7,,
51.29065,6.79035,39,60.3,28,7,,
51.29038,6.78944,42,60.225,28,7,,
51.29004,6.78853,43,60.15,28,7,,
51.28982,6.78802,42,60.075,28,7,,
51.28954,6.78747,43,60,28,7,,
51.28928,6.78702,41,59.925,28,7,,
51.28907,6.78668,42,59.85,28,7,,
51.28854,6.78591,41,59.775,28,7,,
51.28806,6.7853,41,59.7,28,7,,
51.28745,6.78463,46,59.625,28,7,,
51.28681,6.78399,46,59.55,28,7,,
51.28546,6.78281,39,59.475,28,7,,
51.28103,6.77911,43,59.4,28,7,,
51.27932,6.77763,41,59.325,28,7,,
51.27839,6.77678,41,59.25,28,7,,
51.27719,6.7756,39,59.175,28,7,,
51.27562,6.77393,43,59.1,28,7,,
51.27486,6.77293,42,59.025,28,7,,
51.27407,6.77176,43,58.95,28,7,,
51.27367,6.77109,42,58.875,28,7,,
51.27324,6.77021,43,58.8,28,7,,
51.2727,6.76882,42,58.725,28,7,,
51.27222,6.76738,40,58.65,28,7,,
51.27191,6.76604,42,58.575,28,7,,
51.27167,6.76464,41,58.5,28,7,,
51.27149,6.76335,43,58.425,28,7,,
51.27145,6.76215,46,58.35,28,7,,
51.27144,6.76159,44,58.275,28,7,,
51.27146,6.76097,42,58.2,28,7,,
51.27155,6.75946,40,58.125,28,7,,
51.27176,6.75714,39,58.05,28,7,,
51.27184,6.75576,34,57.975,28,7,,
51.27187,6.75475,33,57.9,28,7,,
51.27184,6.75371,34,57.825,28,7,,
51.27177,6.75276,36,57.75,28,7,,
51.27168,6.75203,35,57.675,28,7,,
51.27146,6.7505,37,57.6,28,7,,
51.27131,6.74978,37,57.525,28,7,,
51.27117,6.74926,36,57.45,28,7,,
51.27041,6.74654,39,57.375,28,7,,
51.27014,6.74552,38,57.3,28,7,,
51.26988,6.74443,36,57.225,28,7,,
51.26972,6.74367,35,57.15,28,7,,
51.26951,6.74226,37,57.075,28,7,,
51.2694,6.74107,38,57,28,7,,
51.26933,6.74014,38,56.925,28,7,,
51.26926,6.73889,38,56.85,28,7,,
51.26923,6.7377,41,56.775,28,7,,
51.26926,6.73498,37,56.7,28,7,,
51.2693,6.73396,35,56.625,28,7,,
51.26937,6.73298,37,56.55,28,7,,
51.26944,6.73213,39,56.475,28,7,,
51.26972,6.7299,35,56.4,28,7,,
51.27026,6.72671,35,56.325,28,7,,
51.27048,6.72572,34,56.25,28,7,,
51.27078,6.72454,35,56.175,28,7,,
51.27094,6.72401,34,56.1,28,7,,
51.27141,6.72261,33,56.025,28,7,,
51.27177,6.72168,34,55.95,28,7,,
51.2722,6.7207,34,55.875,28,7,,
51.27367,6.71765,33,55.8,28,7,,
51.27404,6.71682,33,55.725,28,7,,
51.27445,6.71575,31,55.65,28,7,,
51.27517,6.71368,33,55.575,28,7,,
51.27697,6.70839,30,55.5,28,7,,
51.28083,6.69722,32,55.425,28,7,,
51.28498,6.68503,30,55.35,28,7,,
51.28558,6.6832,29,55.275,28,7,,
51.286,6.68172,29,55.2,28,7,,
51.28675,6.67872,27,55.125,28,7,,
51.28791,6.67369,32,55.05,28,7,,
51.28824,6.67233,32,54.975,28,7,,
51.28855,6.67117,32,54.9,28,7,,
51.28891,6.67,32,54.825,28,7,,
51.28928,6.66893,32,54.75,28,7,,
51.28992,6.66726,31,54.675,28,7,,
51.29147,6.66362,34,54.6,28,7,,
51.2919,6.66245,34,54.525,28,7,,
51.29232,6.66109,34,54.45,28,7,,
51.29251,6.66041,36,54.375,28,7,,
51.29264,6.65988,37,54.3,28,7,,
51.29283,6.65892,33,54.225,28,7,,
51.29316,6.65705,30,54.15,28,7,,
51.2934,6.65538,30,54.075,28,7,,
51.2935,6.65428,30,54,28,7,,
51.29355,6.65313,31,53.925,28,7,,
51.29355,6.65191,31,53.85,28,7,,
51.29352,6.65077,36,53.775,28,7,,
51.29346,6.64963,37,53.7,28,7,,
51.29327,6.64781,36,53.625,28,7,,
51.29313,6.64679,38,53.55,28,7,,
51.29256,6.64315,39,53.475,28,7,,
51.29254,6.64274,39,53.4,28,7,,
51.29241,6.64167,42,53.325,28,7,,
51.29158,6.63632,41,53.25,28,7,,
51.29146,6.63535,42,53.175,28,7,,
51.29144,6.63506,42,53.1,28,7,,
51.29144,6.63473,41,53.025,28,7,,
51.29151,6.63444,40,52.95,28,7,,
51.29161,6.63425,39,52.875,28,7,,
51.29174,6.63412,38,52.8,28,7,,
51.29189,6.63405,37,52.725,28,7,,
51.292,6.63404,37,52.65,28,7,,
51.29211,6.63409,37,52.575,28,7,,
51.29224,6.63419,38,52.5,28,7,,
51.29236,6.63439,38,52.425,28,7,,
51.29244,6.63464,38,52.35,28,7,,
51.29244,6.63491,38,52.275,28,7,,
51.29242,6.63513,39,52.2,28,7,,
51.29235,6.63532,39,52.125,28,7,,
51.29226,6.63546,39,52.05,28,7,,
51.29215,6.63557,39,51.975,28,7,,
51.29187,6.63567,41,51.9,28,7,,
51.29042,6.6353,40,51.825,28,7,,
51.28985,6.63518,42,51.75,28,7,,
51.28875,6.63505,39,51.675,28,7,,
51.28847,6.63505,41,51.6,28,7,,
51.28818,6.63508,43,51.525,28,7,,
51.28784,6.63521,42,51.45,28,7,,
51.28643,6.63537,35,51.375,28,7,,
51.28574,6.63552,38,51.3,28,7,,
51.28466,6.63586,38,51.225,28,7,,
51.28442,6.63597,38,51.15,28,7,,
51.28386,6.63622,37,51.075,28,7,,
51.28323,6.63655,37,51,28,7,,
51.28268,6.63687,37,50.925,28,7,,
51.28176,6.63752,39,50.85,28,7,,
51.28082,6.63825,39,50.775,28,7,,
51.27828,6.64037,36,50.7,28,7,,
51.27767,6.64084,37,50.625,28,7,,
51.27683,6.64145,36,50.55,28,7,,
51.27606,6.64193,42,50.475,28,7,,
51.27536,6.64229,39,50.4,28,7,,
51.27466,6.6426,38,50.325,28,7,,
51.27397,6.64284,40,50.25,28,7,,
51.2732,6.64305,41,50.175,28,7,,
51.27247,6.64319,39,50.1,28,7,,
51.27169,6.64329,45,50.025,28,7,,
51.2709,6.64335,44,49.95,28,7,,
51.26548,6.64364,45,49.875,28,7,,
51.26449,6.64366,44,49.8,28,7,,
51.26266,6.64378,41,49.725,28,7,,
51.2599,6.6439,41,49.65,28,7,,
51.25907,6.64382,41,49.575,28,7,,
51.25855,6.64373,40,49.5,28,7,,
51.25791,6.64356,39,49.425,28,7,,
51.25693,6.6432,39,49.35,28,7,,
51.25619,6.64284,39,49.275,28,7,,
51.25546,6.64242,39,49.2,28,7,,
51.25286,6.64074,47,49.125,28,7,,
51.25175,6.64006,46,49.05,28,7,,
51.25087,6.63958,44,48.975,28,7,,
51.2492,6.63882,42,48.9,28,7,,
51.24791,6.63836,43,48.825,28,7,,
51.24686,6.63806,41,48.75,28,7,,
51.24624,6.63791,40,48.675,28,7,,
51.24503,6.63769,40,48.6,28,7,,
51.24381,6.63756,41,48.525,28,7,,
51.24322,6.63753,38,48.45,28,7,,
51.24202,6.63752,42,48.375,28,7,,
51.24035,6.63761,45,48.3,28,7,,
51.22708,6.63851,42,48.225,28,7,,
51.22605,6.63864,41,48.15,28,7,,
51.22367,6.63925,41,48.075,28,7,,
51.22314,6.63941,40,48,28,7,,
51.22213,6.63981,42,47.925,28,7,,
51.22074,6.64047,42,47.85,28,7,,
51.22027,6.64071,42,47.775,28,7,,
51.21932,6.64126,44,47.7,28,7,,
51.21846,6.6418,44,47.625,28,7,,
51.21514,6.64416,40,47.55,28,7,,
51.21397,6.64495,39,47.475,28,7,,
51.21267,6.64579,40,47.4,28,7,,
51.21132,6.64661,39,47.325,28,7,,
51.20924,6.6478,39,47.25,28,7,,
51.20407,6.65048,42,47.175,28,7,,
51.20143,6.65191,45,47.1,28,7,,
51.19815,6.65385,46,47.025,28,7,,
51.19387,6.65659,45,46.95,28,7,,
51.19291,6.65725,47,46.875,28,7,,
51.19168,6.6582,48,46.8,28,7,,
51.18992,6.65976,40,46.725,28,7,,
51.18623,6.66318,44,46.65,28,7,,
51.18519,6.66408,44,46.575,28,7,,
51.18417,6.66503,47,46.5,28,7,,
51.18401,6.66506,47,46.425,28,7,,
51.18325,6.66573,48,46.35,28,7,,
51.18248,6.66648,47,46.275,28,7,,
51.18221,6.6667,47,46.2,28,7,,
51.1817,6.66718,46,46.125,28,7,,
51.1815,6.66734,47,46.05,28,7,,
51.18125,6.66748,47,45.975,28,7,,
51.18096,6.66758,48,45.9,28,7,,
51.18034,6.66771,48,45.825,28,7,,
51.18019,6.66777,47,45.75,28,7,,
51.1801,6.66786,47,45.675,28,7,,
51.1796,6.66816,48,45.6,28,7,,
51.17917,6.66835,49,45.525,28,7,,
51.17888,6.6684,50,45.45,28,7,,
51.17871,6.66838,50,45.375,28,7,,
51.17837,6.66827,50,45.3,28,7,,
51.17823,6.66818,50,45.225,28,7,,
51.178,6.66798,50,45.15,28,7,,
51.17768,6.66766,49,45.075,28,7,,
51.1772,6.66686,50,45,28,7,,
51.17623,6.6652,51,44.925,28,7,,
51.17188,6.65795,52,44.85,28,7,,
51.1708,6.65626,52,44.775,28,7,,
51.16975,6.65474,55,44.7,28,7,,
51.16898,6.65367,54,44.625,28,7,,
51.16794,6.65229,53,44.55,28,7,,
51.16627,6.65015,53,44.475,28,7,,
51.16445,6.64785,58,44.4,28,7,,
51.15384,6.63434,65,44.325,28,7,,
51.14368,6.62155,70,44.25,28,7,,
51.14035,6.61729,76,44.175,28,7,,
51.13396,6.60929,75,44.1,28,7,,
51.13269,6.60778,75,44.025,28,7,,
51.13084,6.60574,73,43.95,28,7,,
51.12963,6.60445,72,43.875,28,7,,
51.12771,6.60256,68,43.8,28,7,,
51.12587,6.60069,69,43.725,28,7,,
51.12515,6.59993,69,43.65,28,7,,
51.12421,6.59891,69,43.575,28,7,,
51.1226,6.59708,68,43.5,28,7,,
51.12036,6.59433,66,43.425,28,7,,
51.11967,6.59346,68,43.35,28,7,,
51.11802,6.5913,65,43.275,28,7,,
51.11742,6.59049,67,43.2,28,7,,
51.11595,6.58841,66,43.125,28,7,,
51.11464,6.58646,66,43.05,28,7,,
51.11339,6.58452,68,42.975,28,7,,
51.11172,6.58181,66,42.9,28,7,,
51.11128,6.58105,67,42.825,28,7,,
51.11063,6.57991,69,42.75,28,7,,
51.1102,6.57908,69,42.675,28,7,,
51.10979,6.57826,70,42.6,28,7,,
51.10934,6.57722,69,42.525,28,7,,
51.10868,6.57556,68,42.45,28,7,,
51.10821,6.57417,67,42.375,28,7,,
51.10788,6.57309,68,42.3,28,7,,
51.10757,6.57193,69,42.225,28,7,,
51.10736,6.57107,67,42.15,28,7,,
51.10707,6.56972,68,42.075,28,7,,
51.10683,6.5685,69,42,28,7,,
51.10545,6.5608,70,41.925,28,7,,
51.10366,6.55097,74,41.85,28,7,,
51.10324,6.54886,73,41.775,28,7,,
51.10181,6.54205,73,41.7,28,7,,
51.10099,6.53825,79,41.625,28,7,,
51.10037,6.53525,82,41.55,28,7,,
51.09957,6.53155,83,41.475,28,7,,
51.09679,6.51843,78,41.4,28,7,,
51.09665,6.51767,79,41.325,28,7,,
51.09641,6.51614,80,41.25,28,7,,
51.09631,6.51483,82,41.175,28,7,,
51.09629,6.51419,83,41.1,28,7,,
51.09631,6.51297,82,41.025,28,7,,
51.09635,6.51219,83,40.95,28,7,,
51.09651,6.51028,85,40.875,28,7,,
51.0969,6.50652,85,40.8,28,7,,
51.09696,6.5055,85,40.725,28,7,,
51.09698,6.50409,81,40.65,28,7,,
51.09697,6.50282,82,40.575,28,7,,
51.09692,6.50158,83,40.5,28,7,,
51.0967,6.49845,83,40.425,28,7,,
51.09654,6.49683,82,40.35,28,7,,
51.09633,6.49499,79,40.275,28,7,,
51.09621,6.49408,79,40.2,28,7,,
51.09592,6.49213,79,40.125,28,7,,
51.0951,6.48722,83,40.05,28,7,,
51.09489,6.48611,82,39.975,28,7,,
51.09463,6.48484,83,39.9,28,7,,
51.09431,6.48349,86,39.825,28,7,,
51.0941,6.48251,90,39.75,28,7,,
51.09395,6.48169,90,39.675,28,7,,
51.09385,6.48089,90,39.6,28,7,,
51.09376,6.47993,91,39.525,28,7,,
51.09372,6.47917,91,39.45,28,7,,
51.09365,6.47454,89,39.375,28,7,,
51.09353,6.47132,91,39.3,28,7,,
51.0932,6.46675,91,39.225,28,7,,
51.09312,6.46587,95,39.15,28,7,,
51.09296,6.46324,93,39.075,28,7,,
51.09292,6.46229,94,39,28,7,,
51.09289,6.46082,92,38.925,28,7,,
51.09288,6.4594,91,38.85,28,7,,
51.09294,6.45787,92,38.775,28,7,,
51.09304,6.4561,96,38.7,28,7,,
51.09316,6.45474,95,38.625,28,7,,
51.09333,6.45322,92,38.55,28,7,,
51.09374,6.45057,91,38.475,28,7,,
51.09396,6.44938,89,38.4,28,7,,
51.09441,6.44736,90,38.325,28,7,,
51.09491,6.44549,89,38.25,28,7,,
51.09536,6.44401,88,38.175,28,7,,
51.0959,6.44245,86,38.1,28,7,,
51.0962,6.44165,84,38.025,28,7,,
51.09689,6.43993,85,37.95,28,7,,
51.09756,6.4384,83,37.875,28,7,,
51.09952,6.43411,78,37.8,28,7,,
51.09982,6.43359,76,37.725,28,7,,
51.1003,6.4325,77,37.65,28,7,,
51.10078,6.43135,78,37.575,28,7,,
51.1013,6.43022,75,37.5,28,7,,
51.1014,6.43004,74,37.425,28,7,,
51.10151,6.42991,74,37.35,28,7,,
51.10172,6.4297,75,37.275,28,7,,
51.10197,6.42956,79,37.2,28,7,,
51.10223,6.4295,82,37.125,28,7,,
51.10275,6.4295,84,37.05,28,7,,
51.10306,6.42947,84,36.975,28,7,,
51.10334,6.42936,84,36.9,28,7,,
51.10365,6.42915,84,36.825,28,7,,
51.10393,6.42887,84,36.75,28,7,,
51.10417,6.42854,85,36.675,28,7,,
51.10439,6.4281,85,36.6,28,7,,
51.10455,6.42764,85,36.525,28,7,,
51.10461,6.42738,85,36.45,28,7,,
51.10469,6.42695,85,36.375,28,7,,
51.10472,6.42647,85,36.3,28,7,,
51.10472,6.42618,85,36.225,28,7,,
51.1047,6.42586,85,36.15,28,7,,
51.10466,6.42556,84,36.075,28,7,,
51.1046,6.42526,82,36,28,7,,
51.10452,6.42497,81,35.925,28,7,,
51.10443,6.42472,79,35.85,28,7,,
51.10431,6.42445,79,35.775,28,7,,
51.10409,6.42407,78,35.7,28,7,,
51.10394,6.42388,78,35.625,28,7,,
51.10365,6.42358,77,35.55,28,7,,
51.10335,6.42337,76,35.475,28,7,,
51.10317,6.42329,75,35.4,28,7,,
51.10303,6.42326,74,35.325,28,7,,
51.10274,6.42325,74,35.25,28,7,,
51.10242,6.42329,74,35.175,28,7,,
51.10208,6.42344,74,35.1,28,7,,
51.10143,6.4239,77,35.025,28,7,,
51.10127,6.42398,77,34.95,28,7,,
51.10109,6.42403,77,34.875,28,7,,
51.10092,6.42404,78,34.8,28,7,,
51.10072,6.424,79,34.725,28,7,,
51.10019,6.42377,78,34.65,28,7,,
51.09889,6.42286,78,34.575,28,7,,
51.09763,6.42206,77,34.5,28,7,,
51.09672,6.42158,78,34.425,28,7,,
51.0956,6.42114,81,34.35,28,7,,
51.09476,6.42086,82,34.275,28,7,,
51.09407,6.4207,82,34.2,28,7,,
51.09314,6.42056,84,34.125,28,7,,
51.09191,6.42048,86,34.05,28,7,,
51.0911,6.4205,85,33.975,28,7,,
51.09054,6.42054,86,33.9,28,7,,
51.08954,6.42068,82,33.825,28,7,,
51.08822,6.42094,79,33.75,28,7,,
51.08737,6.42115,77,33.675,28,7,,
51.08487,6.42193,78,33.6,28,7,,
51.08327,6.4225,79,33.525,28,7,,
51.08008,6.42394,78,33.45,28,7,,
51.07733,6.42544,78,33.375,28,7,,
51.07527,6.42674,81,33.3,28,7,,
51.07302,6.42836,79,33.225,28,7,,
51.07015,6.43071,84,33.15,28,7,,
51.06646,6.4343,86,33.075,28,7,,
51.06453,6.43642,89,33,28,7,,
51.05802,6.44408,92,32.925,28,7,,
51.0568,6.4453,92,32.85,28,7,,
51.05505,6.44694,93,32.775,28,7,,
51.05308,6.44845,97,32.7,28,7,,
51.05199,6.4491,98,32.625,28,7,,
51.0508,6.44972,98,32.55,28,7,,
51.04965,6.45019,100,32.475,28,7,,
51.04856,6.45059,100,32.4,28,7,,
51.04576,6.45159,104,32.325,28,7,,
51.04543,6.45163,105,32.25,28,7,,
51.04428,6.45209,105,32.175,28,7,,
51.04306,6.45267,106,32.1,28,7,,
51.04254,6.453,108,32.025,28,7,,
51.04159,6.4537,110,31.95,28,7,,
51.04105,6.45414,108,31.875,28,7,,
51.0403,6.45482,108,31.8,28,7,,
51.0398,6.45536,109,31.725,28,7,,
51.03871,6.45668,113,31.65,28,7,,
51.03835,6.45706,111,31.575,28,7,,
51.03794,6.45732,110,31.5,28,7,,
51.03738,6.45751,109,31.425,28,7,,
51.03716,6.45766,110,31.35,28,7,,
51.03682,6.45807,112,31.275,28,7,,
51.03659,6.45865,113,31.2,28,7,,
51.03639,6.45899,113,31.125,28,7,,
51.03619,6.45924,112,31.05,28,7,,
51.03598,6.45941,111,30.975,28,7,,
51.03578,6.4595,111,30.9,28,7,,
51.03551,6.45958,110,30.825,28,7,,
51.03518,6.4596,110,30.75,28,7,,
51.0346,6.45954,110,30.675,28,7,,
51.03416,6.4594,110,30.6,28,7,,
51.0336,6.45919,111,30.525,28,7,,
51.03149,6.4575,113,30.45,28,7,,
51.02996,6.45607,115,30.375,28,7,,
51.02961,6.4557,115,30.3,28,7,,
51.02859,6.45448,117,30.225,28,7,,
51.02834,6.45426,117,30.15,28,7,,
51.02801,6.45404,118,30.075,28,7,,
51.02746,6.45358,118,30,28,7,,
51.02692,6.45302,118,29.925,28,7,,
51.02658,6.45256,118,29.85,28,7,,
51.02627,6.45201,118,29.775,28,7,,
51.02314,6.4449,118,29.7,28,7,,
51.02275,6.44393,117,29.625,28,7,,
51.02165,6.44101,116,29.55,28,7,,
51.02079,6.43852,116,29.475,28,7,,
51.02013,6.43651,114,29.4,28,7,,
51.01631,6.4241,112,29.325,28,7,,
51.01553,6.42171,110,29.25,28,7,,
51.01505,6.42027,109,29.175,28,7,,
51.01452,6.41874,109,29.1,28,7,,
51.01381,6.41683,106,29.025,28,7,,
51.01323,6.41532,104,28.95,28,7,,
51.01268,6.414,104,28.875,28,7,,
51.01195,6.41232,104,28.8,28,7,,
51.01134,6.41096,103,28.725,28,7,,
51.00983,6.40779,101,28.65,28,7,,
51.00795,6.40419,98,28.575,28,7,,
51.00604,6.40104,98,28.5,28,7,,
51.00441,6.39854,95,28.425,28,7,,
51.00323,6.39684,96,28.35,28,7,,
51.00221,6.39546,97,28.275,28,7,,
51.00111,6.39403,97,28.2,28,7,,
50.99863,6.39114,97,28.125,28,7,,
50.9975,6.38991,97,28.05,28,7,,
50.99607,6.38843,95,27.975,28,7,,
50.9941,6.3866,95,27.9,28,7,,
50.99195,6.38482,94,27.825,28,7,,
50.98977,6.38318,89,27.75,28,7,,
50.98765,6.38174,91,27.675,28,7,,
50.98484,6.37998,87,27.6,28,7,,
50.98051,6.37732,91,27.525,28,7,,
50.97844,6.37595,91,27.45,28,7,,
50.97656,6.37457,91,27.375,28,7,,
50.97467,6.37304,95,27.3,28,7,,
50.97344,6.37202,94,27.225,28,7,,
50.97238,6.37107,95,27.15,28,7,,
50.97141,6.37015,96,27.075,28,7,,
50.96889,6.36766,99,27,28,7,,
50.96377,6.36208,101,26.925,28,7,,
50.96324,6.36145,102,26.85,28,7,,
50.96167,6.35976,103,26.775,28,7,,
50.95887,6.35678,106,26.7,28,7,,
50.95729,6.35516,108,26.625,28,7,,
50.95562,6.35357,107,26.55,28,7,,
50.95372,6.3519,107,26.475,28,7,,
50.95159,6.35019,105,26.4,28,7,,
50.94995,6.34895,105,26.325,28,7,,
50.94691,6.34696,97,26.25,28,7,,
50.94469,6.34567,89,26.175,28,7,,
50.94353,6.34505,88,26.1,28,7,,
50.94019,6.34338,79,26.025,28,7,,
50.93286,6.33998,77,25.95,28,7,,
50.93063,6.33886,79,25.875,28,7,,
50.92844,6.33765,78,25.8,28,7,,
50.92607,6.33618,79,25.725,28,7,,
50.92541,6.33573,79,25.65,28,7,,
50.9247,6.33521,80,25.575,28,7,,
50.92328,6.3341,85,25.5,28,7,,
50.92147,6.33253,81,25.425,28,7,,
50.9205,6.33159,81,25.35,28,7,,
50.91945,6.33052,82,25.275,28,7,,
50.91873,6.32971,83,25.2,28,7,,
50.91786,6.32869,83,25.125,28,7,,
50.91634,6.32671,88,25.05,28,7,,
50.91472,6.32435,97,24.975,28,7,,
50.91347,6.32235,98,24.9,28,7,,
50.91213,6.31998,102,24.825,28,7,,
50.91025,6.31637,108,24.75,28,7,,
50.90844,6.31268,108,24.675,28,7,,
50.9074,6.31045,110,24.6,28,7,,
50.90625,6.30791,111,24.525,28,7,,
50.90505,6.30515,110,24.45,28,7,,
50.90461,6.30409,110,24.375,28,7,,
50.90419,6.303,111,24.3,28,7,,
50.9038,6.3019,115,24.225,28,7,,
50.90352,6.30099,115,24.15,28,7,,
50.90317,6.29968,116,24.075,28,7,,
50.90293,6.29837,113,24,28,7,,
50.90272,6.29694,116,23.925,28,7,,
50.90256,6.29575,117,23.85,28,7,,
50.90244,6.29451,118,23.775,28,7,,
50.90197,6.28828,113,23.7,28,7,,
50.90181,6.28664,116,23.625,28,7,,
50.90164,6.28541,117,23.55,28,7,,
50.90139,6.28394,117,23.475,28,7,,
50.9012,6.283,119,23.4,28,7,,
50.90082,6.28152,116,23.325,28,7,,
50.9003,6.27976,118,23.25,28,7,,
50.89986,6.27859,121,23.175,28,7,,
50.89933,6.27742,119,23.1,28,7,,
50.89881,6.27632,121,23.025,28,7,,
50.89831,6.27548,123,22.95,28,7,,
50.89765,6.27448,121,22.875,28,7,,
50.89682,6.27334,121,22.8,28,7,,
50.89556,6.27189,122,22.725,28,7,,
50.89496,6.27122,121,22.65,28,7,,
50.89401,6.27028,125,22.575,28,7,,
50.89258,6.2689,122,22.5,28,7,,
50.89089,6.26713,125,22.425,28,7,,
50.89007,6.26621,127,22.35,28,7,,
50.88859,6.26428,128,22.275,28,7,,
50.88783,6.26319,129,22.2,28,7,,
50.88702,6.26191,128,22.125,28,7,,
50.88612,6.26034,129,22.05,28,7,,
50.88511,6.25829,130,21.975,28,7,,
50.88438,6.25654,131,21.9,28,7,,
50.88365,6.25459,131,21.825,28,7,,
50.88268,6.25176,134,21.75,28,7,,
50.88086,6.24657,137,21.675,28,7,,
50.88022,6.24483,138,21.6,28,7,,
50.87886,6.24153,138,21.525,28,7,,
50.87746,6.23836,139,21.45,28,7,,
50.87611,6.23566,142,21.375,28,7,,
50.87449,6.23273,143,21.3,28,7,,
50.87312,6.23043,145,21.225,28,7,,
50.87204,6.22875,145,21.15,28,7,,
50.871,6.22725,146,21.075,28,7,,
50.86856,6.22396,145,21,28,7,,
50.86701,6.22198,152,20.925,28,7,,
50.86555,6.22,147,20.85,28,7,,
50.8642,6.21797,150,20.775,28,7,,
50.86389,6.21747,149,20.7,28,7,,
50.86318,6.21622,151,20.625,28,7,,
50.86248,6.2149,152,20.55,28,7,,
50.86161,6.21313,155,20.475,28,7,,
50.86046,6.21071,159,20.4,28,7,,
50.85942,6.20864,165,20.325,28,7,,
50.85872,6.20742,169,20.25,28,7,,
50.85803,6.20631,173,20.175,28,7,,
50.85718,6.20513,175,20.1,28,7,,
50.8565,6.20428,178,20.025,28,7,,
50.85577,6.20345,179,19.95,28,7,,
50.85495,6.20262,178,19.875,28,7,,
50.85421,6.20194,179,19.8,28,7,,
50.85244,6.20046,179,19.725,28,7,,
50.84805,6.19708,180,19.65,28,7,,
50.84578,6.19559,177,19.575,28,7,,
50.84189,6.19346,184,19.5,28,7,,
50.83921,6.19182,186,19.425,28,7,,
50.83841,6.19125,183,19.35,28,7,,
50.83708,6.19018,185,19.275,28,7,,
50.83479,6.18802,184,19.2,28,7,,
50.83377,6.18699,185,19.125,28,7,,
50.83278,6.18588,185,19.05,28,7,,
50.8304,6.18304,187,18.975,28,7,,
50.82969,6.18224,187,18.9,28,7,,
50.82799,6.18042,184,18.825,28,7,,
50.82689,6.1794,186,18.75,28,7,,
50.82598,6.17859,184,18.675,28,7,,
50.82432,6.17728,188,18.6,28,7,,
50.82291,6.17625,187,18.525,28,7,,
50.82188,6.17558,187,18.45,28,7,,
50.82059,6.17481,187,18.375,28,7,,
50.81969,6.17437,191,18.3,28,7,,
50.81795,6.17358,193,18.225,28,7,,
50.81645,6.17305,193,18.15,28,7,,
50.81525,6.17266,194,18.075,28,7,,
50.81463,6.17249,193,18,28,7,,
50.81339,6.17218,194,17.925,28,7,,
50.81045,6.1716,194,17.85,28,7,,
50.8098,6.17131,191,17.775,28,7,,
50.80921,6.17116,191,17.7,28,7,,
50.80735,6.17084,189,17.625,28,7,,
50.80708,6.17071,191,17.55,28,7,,
50.80675,6.1705,192,17.475,28,7,,
50.80639,6.17018,192,17.4,28,7,,
50.80618,6.16989,192,17.325,28,7,,
50.80593,6.16948,191,17.25,28,7,,
50.80544,6.16856,193,17.175,28,7,,
50.80531,6.16826,196,17.1,28,7,,
50.80521,6.16797,199,17.025,28,7,,
50.80512,6.16764,197,16.95,28,7,,
50.80506,6.16724,193,16.875,28,7,,
50.80502,6.16674,192,16.8,28,7,,
50.80503,6.16605,192,16.725,28,7,,
50.80501,6.16452,190,16.65,28,7,,
50.80495,6.16359,192,16.575,28,7,,
50.80491,6.16315,192,16.5,28,7,,
50.80481,6.16268,193,16.425,28,7,,
50.8047,6.162,192,16.35,28,7,,
50.80445,6.16088,191,16.275,28,7,,
50.80428,6.16032,192,16.2,28,7,,
50.80379,6.15795,198,16.125,28,7,,
50.80362,6.15684,197,16.05,28,7,,
50.80349,6.15551,197,15.975,28,7,,
50.80344,6.15487,198,15.9,28,7,,
50.80343,6.15419,199,15.825,28,7,,
50.80344,6.15289,202,15.75,28,7,,
50.80348,6.15232,202,15.675,28,7,,
50.80358,6.15124,204,15.6,28,7,,
50.80388,6.14893,206,15.525,28,7,,
50.80398,6.14808,205,15.45,28,7,,
50.80403,6.14747,204,15.375,28,7,,
50.80407,6.14681,204,15.3,28,7,,
50.80409,6.14596,206,15.225,28,7,,
50.8041,6.14502,207,15.15,28,7,,
50.80407,6.14354,209,15.075,28,7,,
50.80403,6.14273,209,15,28,7,,
50.80397,6.14194,211,14.925,28,7,,
50.80391,6.1411,208,14.85,28,7,,
50.80381,6.14022,205,14.775,28,7,,
50.80362,6.13854,202,14.7,28,7,,
50.80315,6.1353,194,14.625,28,7,,
50.803,6.13401,188,14.55,28,7,,
50.80287,6.13206,190,14.475,28,7,,
50.80282,6.13115,186,14.4,28,7,,
50.8028,6.12982,185,14.325,28,7,,
50.80282,6.12866,185,14.25,28,7,,
50.80287,6.12753,183,14.175,28,7,,
50.80316,6.12399,175,14.1,28,7,,
50.80408,6.11531,162,14.025,28,7,,
50.80422,6.11371,160,13.95,28,7,,
50.8044,6.11111,153,13.875,28,7,,
50.80452,6.10839,154,13.8,28,7,,
50.80452,6.10602,152,13.725,28,7,,
50.8045,6.10342,151,13.65,28,7,,
50.8044,6.09998,148,13.575,28,7,,
50.80426,6.09644,143,13.5,28,7,,
50.80405,6.09233,152,13.425,28,7,,
50.80372,6.08533,162,13.35,28,7,,
50.80366,6.08307,165,13.275,28,7,,
50.80364,6.08133,167,13.2,28,7,,
50.80366,6.07999,168,13.125,28,7,,
50.80373,6.07869,169,13.05,28,7,,
50.80381,6.07778,169,12.975,28,7,,
50.80409,6.07536,176,12.9,28,7,,
50.8043,6.07424,175,12.825,28,7,,
50.80438,6.07395,174,12.75,28,7,,
50.8045,6.07353,174,12.675,28,7,,
50.80463,6.0733,175,12.6,28,7,,
50.80475,6.07317,176,12.525,28,7,,
50.80488,6.07307,177,12.45,28,7,,
50.80499,6.07302,178,12.375,28,7,,
50.80512,6.073,180,12.3,28,7,,
50.80524,6.07303,181,12.225,28,7,,
50.80538,6.07311,182,12.15,28,7,,
50.80553,6.07325,183,12.075,28,7,,
50.80565,6.07346,184,12,28,7,,
50.80572,6.07366,184,11.925,28,7,,
50.80576,6.07389,185,11.85,28,7,,
50.80581,6.07507,182,11.775,28,7,,
50.80576,6.07538,182,11.7,28,7,,
50.8057,6.07552,182,11.625,28,7,,
50.80563,6.07561,181,11.55,28,7,,
50.80554,6.07567,181,11.475,28,7,,
50.80545,6.0757,181,11.4,28,7,,
50.80472,6.07563,180,11.325,28,7,,
50.80425,6.0755,176,11.25,28,7,,
50.80248,6.07493,169,11.175,28,7,,
50.80184,6.07476,168,11.1,28,7,,
50.80079,6.07453,164,11.025,28,7,,
50.79993,6.07443,160,10.95,28,7,,
50.79919,6.0744,157,10.875,28,7,,
50.79703,6.07439,154,10.8,28,7,,
50.79618,6.07427,154,10.725,28,7,,
50.79559,6.07408,156,10.65,28,7,,
50.79479,6.07366,157,10.575,28,7,,
50.79442,6.07335,159,10.5,28,7,,
50.79404,6.07299,158,10.425,28,7,,
50.79359,6.07239,163,10.35,28,7,,
50.79338,6.07205,166,10.275,28,7,,
50.79237,6.07015,174,10.2,28,7,,
50.79201,6.06959,174,10.125,28,7,,
50.79179,6.0693,171,10.05,28,7,,
50.79139,6.06889,170,9.975,28,7,,
50.79106,6.06859,171,9.9,28,7,,
50.79076,6.0684,172,9.825,28,7,,
50.79043,6.06823,171,9.75,28,7,,
50.78992,6.0681,172,9.675,28,7,,
50.7893,6.06802,170,9.6,28,7,,
50.78909,6.06804,169,9.525,28,7,,
50.78874,6.06815,171,9.45,28,7,,
50.78845,6.0683,173,9.375,28,7,,
50.78813,6.06852,173,9.3,28,7,,
50.78796,6.06866,173,9.225,28,7,,
50.78767,6.06897,177,9.15,28,7,,
50.78732,6.06945,181,9.075,28,7,,
50.78633,6.07092,178,9,28,7,,
50.78586,6.07168,180,8.925,28,7,,
50.78476,6.07335,184,8.85,28,7,,
50.78237,6.07706,187,8.775,28,7,,
50.78222,6.07724,187,8.7,28,7,,
50.78177,6.07763,187,8.625,28,7,,
50.78166,6.07772,187,8.55,28,7,,
50.78142,6.07715,187,8.475,28,7,,
50.78124,6.0768,190,8.4,28,7,,
50.78068,6.07586,191,8.325,28,7,,
50.77962,6.07755,187,8.25,28,7,,
50.77925,6.07807,186,8.175,28,7,,
50.77828,6.07926,184,8.1,28,7,,
50.77775,6.07979,174,8.025,28,7,,
50.77727,6.08008,173,7.95,28,7,,
50.77711,6.08023,174,7.875,28,7,,
50.77669,6.08085,175,7.8,28,7,,
50.77663,6.08088,175,7.725,28,7,,
50.77643,6.08064,175,7.65,28,7,,
50.77625,6.08035,174,7.575,28,7,,
50.77584,6.0809,176,7.5,28,7,,
50.77567,6.08118,176,7.425,28,7,,
50.77543,6.08148,178,7.35,28,7,,
50.77502,6.08077,176,7.275,28,7,,
50.77474,6.08021,177,7.2,28,7,,
