Latitude,Longitude,Elevation,Speed,Battery health,Outside temp,,,
48.2137855,11.6240866,490,7,98,17,,,0.08
48.21378,11.6241,490,11,97.92,17,,,
48.21072,11.62243,494,14,97.84,17,,,
48.21059,11.6223,495,17,97.76,17,,,
48.2105,11.62207,496,30,97.68,17,,,
48.21048,11.6219,497,48,97.6,17,,,
48.21049,11.62181,497,82,97.52,17,,,
48.21062,11.62114,497,87,97.44,17,,,
48.21061,11.62095,496,105,97.36,17,,,
48.21052,11.62077,497,118,97.28,17,,,
48.21039,11.62069,497,118,97.2,17,,,
48.21024,11.62065,496,118,97.12,17,,,
48.20927,11.6198,494,118,97.04,17,,,
48.20894,11.61954,493,118,96.96,17,,,
48.2082,11.61902,495,118,96.88,17,,,
48.20811,11.61892,495,118,96.8,17,,,
48.20761,11.61861,495,118,96.72,17,,,
48.20744,11.61854,495,118,96.64,17,,,
48.20729,11.61854,495,118,96.56,17,,,
48.2072,11.61857,495,118,96.48,17,,,
48.20708,11.61865,495,118,96.4,17,,,
48.20697,11.61882,495,118,96.32,17,,,
48.20679,11.61938,494,118,96.24,17,,,
48.20612,11.62083,492,118,96.16,17,,,
48.20519,11.62231,495,118,96.08,17,,,
48.20502,11.62254,496,118,96,17,,,
48.20481,11.62275,495,118,95.92,17,,,
48.20467,11.6228,495,118,95.84,17,,,
48.20455,11.62281,495,118,95.76,17,,,
48.20442,11.62276,495,118,95.68,17,,,
48.20431,11.62268,495,118,95.6,17,,,
48.20421,11.62256,495,118,95.52,17,,,
48.20413,11.62241,496,118,95.44,17,,,
48.20409,11.62228,496,118,95.36,17,,,
48.20406,11.62202,497,118,95.28,17,,,
48.20407,11.62188,498,118,95.2,17,,,
48.20409,11.62174,498,118,95.12,17,,,
48.20413,11.62161,498,118,95.04,17,,,
48.20419,11.6215,497,118,94.96,17,,,
48.20434,11.62134,496,118,94.88,17,,,
48.20442,11.62129,495,118,94.8,17,,,
48.20455,11.62127,494,118,94.72,17,,,
48.20471,11.6213,494,118,94.64,17,,,
48.20504,11.62146,496,118,94.56,17,,,
48.20526,11.62145,498,118,94.48,17,,,
48.21489,11.62628,494,118,94.4,17,,,
48.21488,11.62628,494,118,94.32,17,,,
48.22698,11.63233,489,118,94.24,17,,,
48.23252,11.63514,488,118,94.16,17,,,
48.2373,11.63751,486,118,94.08,17,,,
48.2384,11.63807,484,118,94,17,,,
48.24319,11.64044,487,118,93.92,17,,,
48.24611,11.64195,484,118,93.84,17,,,
48.25264,11.64523,483,118,93.76,17,,,
48.25487,11.64632,482,118,93.68,17,,,
48.25571,11.64664,483,118,93.6,17,,,
48.25637,11.64687,480,118,93.52,17,,,
48.25723,11.64708,480,118,93.44,17,,,
48.25782,11.64719,478,118,93.36,17,,,
48.25864,11.6473,479,118,93.28,17,,,
48.25982,11.64737,479,118,93.2,17,,,
48.26049,11.64736,477,118,93.12,17,,,
48.26174,11.64723,475,118,93.04,17,,,
48.26243,11.64709,475,118,92.96,17,,,
48.26322,11.6469,479,118,92.88,17,,,
48.26411,11.64662,481,118,92.8,17,,,
48.27217,11.64386,474,118,92.72,17,,,
48.27974,11.64132,472,118,92.64,17,,,
48.28067,11.64099,472,118,92.56,17,,,
48.28224,11.64039,470,118,92.48,17,,,
48.28398,11.63961,472,118,92.4,17,,,
48.28662,11.63825,469,118,92.32,17,,,
48.29555,11.63351,471,118,92.24,17,,,
48.30704,11.6268,469,118,92.16,17,,,
48.30942,11.62533,469,118,92.08,17,,,
48.31163,11.62386,468,118,92,17,,,
48.31394,11.6224,465,118,91.92,17,,,
48.32221,11.61764,464,118,91.84,17,,,
48.32979,11.61362,488,118,91.76,17,,,
48.33204,11.61232,485,118,91.68,17,,,
48.33227,11.61216,486,118,91.6,17,,,
48.33913,11.60829,494,118,91.52,17,,,
48.34182,11.60671,500,118,91.44,17,,,
48.35841,11.59687,477,118,91.36,17,,,
48.35956,11.59629,473,118,91.28,17,,,
48.36058,11.59587,470,118,91.2,17,,,
48.36146,11.59559,469,118,91.12,17,,,
48.36266,11.59534,467,118,91.04,17,,,
48.36377,11.59522,463,118,90.96,17,,,
48.36465,11.5952,459,118,90.88,17,,,
48.36563,11.59525,457,118,90.8,17,,,
48.38147,11.59701,449,118,90.72,17,,,
48.38536,11.59739,447,118,90.64,17,,,
48.38604,11.59745,451,118,90.56,17,,,
48.38718,11.59747,449,118,90.48,17,,,
48.38849,11.59734,449,118,90.4,17,,,
48.38946,11.59711,447,118,90.32,17,,,
48.39017,11.5969,445,118,90.24,17,,,
48.39065,11.59674,443,118,90.16,17,,,
48.39169,11.5963,444,118,90.08,17,,,
48.39284,11.59569,447,118,90,17,,,
48.39355,11.59527,448,118,89.92,17,,,
48.39437,11.5947,450,118,89.84,17,,,
48.39513,11.59413,451,118,89.76,17,,,
48.39553,11.5938,450,118,89.68,17,,,
48.39762,11.5922,449,118,89.6,17,,,
48.39846,11.59166,452,118,89.52,17,,,
48.3998,11.59097,449,118,89.44,17,,,
48.40112,11.59047,448,118,89.36,17,,,
48.40211,11.5902,449,118,89.28,17,,,
48.40259,11.59009,450,118,89.2,17,,,
48.40366,11.58992,451,118,89.12,17,,,
48.40423,11.58986,449,118,89.04,17,,,
48.41098,11.58981,450,118,88.96,17,,,
48.41538,11.58969,449,118,88.88,17,,,
48.42094,11.58969,447,118,88.8,17,,,
48.4249,11.58961,446,118,88.72,17,,,
48.42867,11.58956,448,118,88.64,17,,,
48.43084,11.58949,443,118,88.56,17,,,
48.44265,11.58946,463,118,88.48,17,,,
48.44521,11.58967,467,118,88.4,17,,,
48.45519,11.59099,480,118,88.32,17,,,
48.45584,11.59104,475,118,88.24,17,,,
48.45648,11.59104,476,118,88.16,17,,,
48.45728,11.59099,480,118,88.08,17,,,
48.45794,11.59092,474,118,88,17,,,
48.45858,11.59082,468,118,87.92,17,,,
48.45955,11.59059,469,118,87.84,17,,,
48.46099,11.59009,465,118,87.76,17,,,
48.4714,11.58594,499,118,87.68,17,,,
48.47209,11.58569,500,118,87.6,17,,,
48.4725,11.58557,503,118,87.52,17,,,
48.47327,11.58541,507,118,87.44,17,,,
48.47399,11.58532,506,118,87.36,17,,,
48.47477,11.58527,502,118,87.28,17,,,
48.47606,11.58538,501,118,87.2,17,,,
48.47662,11.58547,500,118,87.12,17,,,
48.47704,11.58557,500,118,87.04,17,,,
48.47782,11.58581,502,118,86.96,17,,,
48.4785,11.58607,499,118,86.88,17,,,
48.47905,11.58633,500,118,86.8,17,,,
48.47971,11.5867,501,118,86.72,17,,,
48.48056,11.58724,498,118,86.64,17,,,
48.48858,11.59262,503,118,86.56,17,,,
48.49022,11.59367,502,118,86.48,17,,,
48.49082,11.59399,505,118,86.4,17,,,
48.49146,11.59427,507,118,86.32,17,,,
48.49258,11.59464,507,118,86.24,17,,,
48.49346,11.59484,509,118,86.16,17,,,
48.49437,11.59495,505,118,86.08,17,,,
48.49497,11.59497,504,118,86,17,,,
48.4953,11.59497,501,118,85.92,17,,,
48.49602,11.59491,499,118,85.84,17,,,
48.49698,11.59475,501,118,85.76,17,,,
48.49769,11.59457,504,118,85.68,17,,,
48.49849,11.59428,509,118,85.6,17,,,
48.49921,11.59396,509,118,85.52,17,,,
48.4998,11.59365,509,118,85.44,17,,,
48.50071,11.59306,511,118,85.36,17,,,
48.50129,11.59264,515,118,85.28,17,,,
48.50299,11.59115,519,118,85.2,17,,,
48.50833,11.58634,511,118,85.12,17,,,
48.50891,11.58581,510,118,85.04,17,,,
48.5095,11.58533,507,118,84.96,17,,,
48.51013,11.58486,507,118,84.88,17,,,
48.51114,11.58425,506,118,84.8,17,,,
48.51189,11.58387,506,118,84.72,17,,,
48.51224,11.58373,503,118,84.64,17,,,
48.51329,11.58337,498,118,84.56,17,,,
48.51393,11.58322,504,118,84.48,17,,,
48.51481,11.58308,506,118,84.4,17,,,
48.51795,11.58289,507,118,84.32,17,,,
48.5188,11.58291,502,118,84.24,17,,,
48.51935,11.58297,501,118,84.16,17,,,
48.52024,11.58311,501,118,84.08,17,,,
48.5209,11.5833,501,118,84,17,,,
48.52166,11.58358,500,118,83.92,17,,,
48.52248,11.58396,501,118,83.84,17,,,
48.52337,11.58447,501,118,83.76,17,,,
48.52393,11.58484,499,118,83.68,17,,,
48.52452,11.58528,499,118,83.6,17,,,
48.52506,11.58573,497,118,83.52,17,,,
48.52569,11.58634,495,118,83.44,17,,,
48.52612,11.58679,497,118,83.36,17,,,
48.53137,11.59281,495,118,83.28,17,,,
48.53226,11.59366,488,118,83.2,17,,,
48.53314,11.5943,485,118,83.12,17,,,
48.53388,11.59472,487,118,83.04,17,,,
48.53435,11.59493,488,118,82.96,17,,,
48.53481,11.59509,487,118,82.88,16,,,
48.53546,11.59526,481,118,82.8,16,,,
48.5358,11.59533,479,118,82.72,16,,,
48.5366,11.59539,483,118,82.64,16,,,
48.53755,11.59534,484,118,82.56,16,,,
48.54255,11.59456,474,118,82.48,16,,,
48.54658,11.59392,464,118,82.4,16,,,
48.54723,11.59375,465,118,82.32,16,,,
48.54781,11.59355,467,118,82.24,16,,,
48.5484,11.59329,469,118,82.16,16,,,
48.54886,11.59305,469,118,82.08,16,,,
48.55008,11.59227,463,118,82,16,,,
48.55113,11.59166,461,118,81.92,16,,,
48.55308,11.59036,464,118,81.84,16,,,
48.55341,11.59011,468,118,81.76,16,,,
48.55461,11.58934,469,118,81.68,16,,,
48.55524,11.58906,469,118,81.6,16,,,
48.55592,11.58883,472,118,81.52,16,,,
48.55639,11.58871,472,118,81.44,16,,,
48.55686,11.58862,472,118,81.36,16,,,
48.55751,11.58857,468,118,81.28,16,,,
48.5584,11.58857,466,118,81.2,16,,,
48.55881,11.58861,468,118,81.12,16,,,
48.55949,11.58873,468,118,81.04,16,,,
48.56056,11.58906,473,118,80.96,16,,,
48.56128,11.58938,476,118,80.88,16,,,
48.56573,11.59158,467,118,80.8,16,,,
48.56651,11.59194,470,118,80.72,16,,,
48.56702,11.59213,471,118,80.64,16,,,
48.56746,11.59226,472,118,80.56,16,,,
48.56806,11.5924,481,118,80.48,16,,,
48.56855,11.5925,483,118,80.4,16,,,
48.56917,11.59258,485,118,80.32,16,,,
48.57524,11.59281,477,118,80.24,16,,,
48.57563,11.59281,477,118,80.16,16,,,
48.5762,11.59276,478,118,80.08,16,,,
48.5769,11.5926,476,118,80,16,,,
48.57767,11.59231,472,118,79.92,16,,,
48.57842,11.5919,469,118,79.84,16,,,
48.57914,11.59134,465,118,79.76,16,,,
48.57947,11.59105,463,118,79.68,16,,,
48.58009,11.59036,463,118,79.6,16,,,
48.58056,11.58974,465,118,79.52,16,,,
48.58093,11.58917,464,118,79.44,16,,,
48.58161,11.58781,462,118,79.36,16,,,
48.58181,11.58732,462,118,79.28,16,,,
48.58209,11.58651,464,118,79.2,16,,,
48.58365,11.58136,457,118,79.12,16,,,
48.58435,11.57913,454,118,79.04,16,,,
48.58475,11.57797,452,118,78.96,16,,,
48.58514,11.57698,448,118,78.88,16,,,
48.58562,11.57587,445,118,78.8,16,,,
48.58606,11.57492,442,118,78.72,16,,,
48.58655,11.574,440,118,78.64,16,,,
48.58702,11.57318,435,118,78.56,16,,,
48.58781,11.57196,433,118,78.48,16,,,
48.58887,11.5705,425,118,78.4,16,,,
48.59062,11.56838,413,118,78.32,16,,,
48.59791,11.5597,407,118,78.24,16,,,
48.59941,11.55775,412,118,78.16,16,,,
48.60513,11.5494,437,118,78.08,16,,,
48.60583,11.54839,439,118,78,16,,,
48.60645,11.54755,440,118,77.92,16,,,
48.60758,11.54624,437,118,77.84,16,,,
48.60992,11.5437,448,118,77.76,16,,,
48.61258,11.54074,445,118,77.68,16,,,
48.61319,11.53997,434,118,77.6,16,,,
48.61354,11.53949,435,118,77.52,16,,,
48.61413,11.53862,439,118,77.44,16,,,
48.6148,11.53753,437,118,77.36,16,,,
48.61542,11.5364,434,118,77.28,16,,,
48.61598,11.53529,431,118,77.2,16,,,
48.61724,11.5327,438,118,77.12,16,,,
48.61768,11.53189,441,118,77.04,16,,,
48.61821,11.53107,440,118,76.96,16,,,
48.61912,11.52976,442,118,76.88,16,,,
48.62004,11.52866,450,118,76.8,16,,,
48.62063,11.52807,454,118,76.72,16,,,
48.62126,11.52749,453,118,76.64,16,,,
48.62187,11.52702,455,118,76.56,16,,,
48.62249,11.52661,455,118,76.48,16,,,
48.62315,11.5262,456,118,76.4,16,,,
48.62384,11.52585,455,118,76.32,16,,,
48.62463,11.52553,451,118,76.24,16,,,
48.62505,11.52539,449,118,76.16,16,,,
48.62575,11.52519,450,118,76.08,16,,,
48.62617,11.52511,449,118,76,16,,,
48.62695,11.525,450,118,75.92,16,,,
48.62938,11.52481,436,118,75.84,16,,,
48.63041,11.52464,430,118,75.76,16,,,
48.63093,11.52451,434,118,75.68,16,,,
48.6323,11.52406,442,118,75.6,16,,,
48.63385,11.52337,440,118,75.52,16,,,
48.64103,11.51922,420,118,75.44,16,,,
48.64689,11.51581,408,118,75.36,16,,,
48.64757,11.51544,406,118,75.28,16,,,
48.64829,11.5151,403,118,75.2,16,,,
48.64929,11.51472,404,118,75.12,16,,,
48.65009,11.51448,402,118,75.04,16,,,
48.65441,11.51338,393,118,74.96,16,,,
48.66174,11.51148,389,118,74.88,16,,,
48.66318,11.51105,384,118,74.8,16,,,
48.66427,11.51068,385,118,74.72,16,,,
48.66584,11.51006,381,118,74.64,16,,,
48.66692,11.50958,381,118,74.56,16,,,
48.66968,11.50823,381,118,74.48,16,,,
48.67044,11.50785,378,118,74.4,16,,,
48.6715,11.50724,372,118,74.32,16,,,
48.67269,11.50652,372,118,74.24,16,,,
48.6765,11.50411,373,118,74.16,16,,,
48.67931,11.50237,376,118,74.08,16,,,
48.68335,11.49961,371,118,74,16,,,
48.68433,11.49892,371,118,73.92,16,,,
48.68605,11.49766,369,118,73.84,16,,,
48.69199,11.49343,371,118,73.76,16,,,
48.69365,11.49237,368,118,73.68,16,,,
48.69487,11.49169,368,118,73.6,16,,,
48.69663,11.49082,368,118,73.52,16,,,
48.70719,11.48651,366,118,73.44,16,,,
48.70952,11.48545,368,118,73.36,16,,,
48.71089,11.4848,367,118,73.28,16,,,
48.71845,11.48102,367,118,73.2,16,,,
48.7195,11.48047,368,118,73.12,16,,,
48.72028,11.48003,367,118,73.04,16,,,
48.72163,11.47922,366,118,72.96,16,,,
48.72312,11.47821,364,118,72.88,16,,,
48.72433,11.47733,366,118,72.8,16,,,
48.72772,11.47472,367,118,72.72,16,,,
48.74731,11.45985,363,118,72.64,16,,,
48.74782,11.45949,365,118,72.56,16,,,
48.74879,11.45891,367,118,72.48,16,,,
48.74939,11.4586,365,118,72.4,16,,,
48.75034,11.45819,371,118,72.32,16,,,
48.75158,11.45776,368,118,72.24,16,,,
48.75206,11.45763,366,118,72.16,16,,,
48.75275,11.4575,365,118,72.08,16,,,
48.7532,11.45743,365,118,72,16,,,
48.75357,11.45739,366,118,71.92,16,,,
48.75435,11.45736,366,118,71.84,16,,,
48.75541,11.45741,367,118,71.76,16,,,
48.75632,11.45755,368,118,71.68,16,,,
48.75736,11.45777,368,118,71.6,16,,,
48.7589,11.45815,368,118,71.52,16,,,
48.76452,11.45957,369,118,71.44,16,,,
48.76765,11.46039,369,118,71.36,16,,,
48.76943,11.46074,371,118,71.28,16,,,
48.77174,11.46102,375,118,71.2,16,,,
48.77303,11.46109,378,118,71.12,16,,,
48.77424,11.46111,376,118,71.04,16,,,
48.77527,11.46108,371,118,70.96,16,,,
48.77631,11.46103,376,118,70.88,16,,,
48.77702,11.46096,373,118,70.8,16,,,
48.77921,11.46069,371,118,70.72,16,,,
48.7835,11.4601,367,118,70.64,16,,,
48.7844,11.46003,372,118,70.56,16,,,
48.78538,11.46004,373,118,70.48,16,,,
48.78632,11.46011,373,118,70.4,16,,,
48.78725,11.46026,371,118,70.32,16,,,
48.78826,11.46052,374,118,70.24,16,,,
48.8024,11.46534,378,118,70.16,16,,,
48.80303,11.46553,377,118,70.08,16,,,
48.80369,11.46569,377,118,70,16,,,
48.80489,11.46589,379,118,69.92,16,,,
48.80603,11.46596,380,118,69.84,16,,,
48.81103,11.46616,393,118,69.76,16,,,
48.81179,11.46622,396,118,69.68,16,,,
48.81243,11.46632,396,118,69.6,16,,,
48.81312,11.46646,393,118,69.52,16,,,
48.81366,11.4666,393,118,69.44,16,,,
48.81434,11.46681,393,118,69.36,16,,,
48.81523,11.46715,395,118,69.28,16,,,
48.81629,11.46767,399,118,69.2,16,,,
48.82372,11.47177,415,118,69.12,16,,,
48.82463,11.47223,421,118,69.04,16,,,
48.82556,11.47258,423,118,68.96,16,,,
48.82605,11.47273,427,118,68.88,16,,,
48.82714,11.47297,433,118,68.8,16,,,
48.82764,11.47302,434,118,68.72,16,,,
48.82843,11.47305,435,118,68.64,16,,,
48.82908,11.47302,435,118,68.56,16,,,
48.82952,11.47297,434,118,68.48,16,,,
48.83004,11.47289,433,118,68.4,16,,,
48.8312,11.4726,433,118,68.32,16,,,
48.83214,11.47224,438,118,68.24,16,,,
48.83319,11.4718,446,118,68.16,16,,,
48.84148,11.46814,442,118,68.08,16,,,
48.84574,11.46629,448,118,68,16,,,
48.84655,11.46597,449,118,67.92,16,,,
48.84797,11.46552,453,118,67.84,16,,,
48.849,11.46526,456,118,67.76,16,,,
48.85006,11.46507,457,118,67.68,16,,,
48.8509,11.46496,459,118,67.6,16,,,
48.85217,11.46487,466,118,67.52,16,,,
48.85314,11.46487,469,118,67.44,16,,,
48.85394,11.46491,472,118,67.36,16,,,
48.85539,11.46505,474,118,67.28,16,,,
48.85761,11.46543,480,118,67.2,16,,,
48.86552,11.46685,482,118,67.12,16,,,
48.87269,11.4681,487,118,67.04,16,,,
48.87333,11.46819,489,118,66.96,16,,,
48.87424,11.46824,495,118,66.88,16,,,
48.87503,11.4682,497,118,66.8,16,,,
48.87581,11.46809,495,118,66.72,16,,,
48.87671,11.46788,492,118,66.64,16,,,
48.8775,11.4676,494,118,66.56,16,,,
48.87959,11.46676,494,118,66.48,16,,,
48.88062,11.46646,494,118,66.4,16,,,
48.88141,11.46632,494,118,66.32,16,,,
48.88242,11.46622,490,118,66.24,16,,,
48.88444,11.46631,479,118,66.16,16,,,
48.89262,11.46693,475,118,66.08,16,,,
48.89457,11.46728,472,118,66,16,,,
48.89579,11.4676,481,118,65.92,16,,,
48.89713,11.46805,482,118,65.84,16,,,
48.90072,11.46955,496,118,65.76,16,,,
48.9012,11.46972,496,118,65.68,16,,,
48.90209,11.46999,489,118,65.6,16,,,
48.90293,11.47019,485,118,65.52,16,,,
48.90358,11.4703,483,118,65.44,16,,,
48.90455,11.47039,485,118,65.36,16,,,
48.90519,11.47041,487,118,65.28,16,,,
48.91358,11.47024,494,118,65.2,16,,,
48.91464,11.47018,487,118,65.12,16,,,
48.91647,11.46984,485,118,65.04,16,,,
48.91727,11.46965,489,118,64.96,16,,,
48.91807,11.46942,491,118,64.88,16,,,
48.9223,11.468,497,118,64.8,16,,,
48.92309,11.4677,498,118,64.72,16,,,
48.92387,11.46737,501,118,64.64,16,,,
48.92464,11.467,501,118,64.56,16,,,
48.92584,11.46633,499,118,64.48,16,,,
48.92651,11.46589,496,118,64.4,16,,,
48.92764,11.46507,497,118,64.32,16,,,
48.9286,11.46427,497,118,64.24,16,,,
48.92945,11.46348,499,118,64.16,16,,,
48.9301,11.46284,499,118,64.08,16,,,
48.93089,11.46198,499,118,64,16,,,
48.93211,11.46049,501,118,63.92,16,,,
48.94001,11.45052,512,118,63.84,16,,,
48.94072,11.44949,520,118,63.76,16,,,
48.94107,11.44895,522,118,63.68,16,,,
48.94417,11.44406,524,118,63.6,16,,,
48.94472,11.44313,524,118,63.52,16,,,
48.94525,11.44214,523,118,63.44,16,,,
48.94582,11.44096,520,118,63.36,16,,,
48.94726,11.43767,516,118,63.28,16,,,
48.94766,11.43686,516,118,63.2,16,,,
48.94813,11.43597,516,118,63.12,16,,,
48.94871,11.43499,517,118,63.04,16,,,
48.94897,11.43459,518,118,62.96,16,,,
48.95063,11.43239,524,118,62.88,16,,,
48.95151,11.43127,524,118,62.8,16,,,
48.95214,11.43048,524,118,62.72,16,,,
48.95292,11.42963,521,118,62.64,16,,,
48.95346,11.42913,521,118,62.56,16,,,
48.95425,11.42846,525,118,62.48,16,,,
48.95513,11.42786,530,118,62.4,16,,,
48.95642,11.42703,525,118,62.32,16,,,
48.95691,11.42667,524,118,62.24,16,,,
48.95738,11.4263,523,118,62.16,16,,,
48.95796,11.4258,516,118,62.08,16,,,
48.9584,11.42537,516,118,62,16,,,
48.95888,11.42486,517,118,61.92,16,,,
48.95959,11.42402,526,118,61.84,16,,,
48.96047,11.4229,522,118,61.76,16,,,
48.9606,11.42269,520,118,61.68,16,,,
48.96131,11.42179,523,118,61.6,16,,,
48.9622,11.42075,514,118,61.52,16,,,
48.96261,11.42032,512,118,61.44,16,,,
48.96499,11.41807,512,118,61.36,16,,,
48.96572,11.4173,515,118,61.28,16,,,
48.96642,11.41646,518,118,61.2,16,,,
48.96753,11.41501,519,118,61.12,16,,,
48.96829,11.41387,515,118,61.04,16,,,
48.97589,11.40221,494,118,60.96,16,,,
48.97637,11.40136,489,118,60.88,16,,,
48.9767,11.40075,489,118,60.8,16,,,
48.97744,11.39916,490,118,60.72,16,,,
48.97779,11.39839,492,118,60.64,16,,,
48.97825,11.39749,490,118,60.56,16,,,
48.97876,11.39666,482,118,60.48,16,,,
48.97911,11.39615,475,118,60.4,16,,,
48.97954,11.39556,467,118,60.32,16,,,
48.97994,11.3951,462,118,60.24,16,,,
48.9804,11.39467,459,118,60.16,16,,,
48.9808,11.39434,461,118,60.08,16,,,
48.98146,11.39387,459,118,60,16,,,
48.98237,11.39315,454,118,59.92,16,,,
48.98271,11.39281,450,118,59.84,16,,,
48.98308,11.39233,448,118,59.76,16,,,
48.9834,11.39186,446,118,59.68,16,,,
48.9841,11.39079,435,118,59.6,16,,,
48.98502,11.38947,422,118,59.52,16,,,
48.98567,11.38873,419,118,59.44,16,,,
48.98616,11.38824,418,118,59.36,16,,,
48.98744,11.38714,408,118,59.28,16,,,
48.98847,11.3862,402,118,59.2,16,,,
48.99099,11.38399,377,118,59.12,16,,,
48.99157,11.38342,375,118,59.04,16,,,
48.9925,11.38241,375,118,58.96,16,,,
48.99299,11.38182,375,118,58.88,16,,,
48.99388,11.38065,374,118,58.8,16,,,
48.99447,11.37976,373,118,58.72,16,,,
48.99498,11.37895,375,118,58.64,16,,,
48.99559,11.37788,377,118,58.56,16,,,
48.9961,11.37689,378,118,58.48,16,,,
48.99657,11.37589,377,118,58.4,16,,,
48.997,11.37488,379,118,58.32,16,,,
48.99734,11.37402,381,118,58.24,16,,,
48.99781,11.37272,387,118,58.16,16,,,
48.99828,11.37121,389,118,58.08,16,,,
48.9987,11.36967,383,118,58,16,,,
49.00015,11.36403,376,118,57.92,16,,,
49.00059,11.36238,374,118,57.84,16,,,
49.00086,11.36151,377,118,57.76,16,,,
49.00111,11.36078,377,118,57.68,16,,,
49.00142,11.36008,376,118,57.6,16,,,
49.00179,11.35935,379,118,57.52,16,,,
49.00222,11.35864,378,118,57.44,16,,,
49.00262,11.3581,376,118,57.36,15,,,
49.003,11.35765,376,118,57.28,15,,,
49.00349,11.35716,380,118,57.2,15,,,
49.00403,11.35671,379,118,57.12,15,,,
49.00466,11.35629,378,118,57.04,15,,,
49.00519,11.35604,377,118,56.96,15,,,
49.00786,11.35485,380,118,56.88,15,,,
49.00851,11.35463,378,118,56.8,15,,,
49.00897,11.35454,379,118,56.72,15,,,
49.00946,11.35449,379,118,56.64,15,,,
49.00992,11.35449,379,118,56.56,15,,,
49.01041,11.35455,378,118,56.48,15,,,
49.01133,11.3548,381,118,56.4,15,,,
49.01166,11.35492,380,118,56.32,15,,,
49.01203,11.35511,381,118,56.24,15,,,
49.01259,11.35545,383,118,56.16,15,,,
49.01331,11.35602,384,118,56.08,15,,,
49.01398,11.35674,383,118,56,15,,,
49.01457,11.35753,383,118,55.92,15,,,
49.01494,11.35807,382,118,55.84,15,,,
49.01749,11.36221,386,118,55.76,15,,,
49.01809,11.36315,388,118,55.68,15,,,
49.01892,11.36453,387,118,55.6,15,,,
49.01937,11.36519,387,118,55.52,15,,,
49.01963,11.36552,387,118,55.44,15,,,
49.01994,11.36587,385,118,55.36,15,,,
49.02058,11.36647,387,118,55.28,15,,,
49.02131,11.36698,388,118,55.2,15,,,
49.02168,11.36717,389,118,55.12,15,,,
49.02241,11.36746,393,118,55.04,15,,,
49.02289,11.36758,395,118,54.96,15,,,
49.02374,11.3677,397,118,54.88,15,,,
49.02411,11.36768,400,118,54.8,15,,,
49.02455,11.36762,401,118,54.72,15,,,
49.02501,11.36753,399,118,54.64,15,,,
49.02544,11.36739,398,118,54.56,15,,,
49.02606,11.36712,396,118,54.48,15,,,
49.02668,11.36673,396,118,54.4,15,,,
49.02707,11.36642,393,118,54.32,15,,,
49.02764,11.3659,390,118,54.24,15,,,
49.02979,11.36372,387,118,54.16,15,,,
49.03066,11.36286,385,118,54.08,15,,,
49.03189,11.36182,385,118,54,15,,,
49.03243,11.36143,387,118,53.92,15,,,
49.03334,11.36084,387,118,53.84,15,,,
49.03382,11.36057,388,118,53.76,15,,,
49.03534,11.35977,388,118,53.68,15,,,
49.03601,11.35945,392,118,53.6,15,,,
49.03682,11.35903,393,118,53.52,15,,,
49.03749,11.35864,391,118,53.44,15,,,
49.03826,11.35805,396,118,53.36,15,,,
49.03885,11.35744,401,118,53.28,15,,,
49.03909,11.35714,404,118,53.2,15,,,
49.03937,11.35679,404,118,53.12,15,,,
49.03997,11.35594,407,118,53.04,15,,,
49.0404,11.35512,407,118,52.96,15,,,
49.04086,11.35403,408,118,52.88,15,,,
49.04123,11.3529,409,118,52.8,15,,,
49.04147,11.35199,405,118,52.72,15,,,
49.04335,11.3441,399,118,52.64,15,,,
49.04368,11.34285,401,118,52.56,15,,,
49.04386,11.34228,401,118,52.48,15,,,
49.04405,11.34177,400,118,52.4,15,,,
49.04437,11.34096,398,118,52.32,15,,,
49.04485,11.33995,397,118,52.24,15,,,
49.04521,11.33933,398,118,52.16,15,,,
49.04563,11.33865,399,118,52.08,15,,,
49.04802,11.3354,403,118,52,15,,,
49.0488,11.33436,402,118,51.92,15,,,
49.04999,11.3328,400,118,51.84,15,,,
49.05067,11.33186,399,118,51.76,15,,,
49.05099,11.33147,400,118,51.68,15,,,
49.05169,11.33066,398,118,51.6,15,,,
49.05198,11.33036,400,118,51.52,15,,,
49.05274,11.32964,399,118,51.44,15,,,
49.05308,11.32935,399,118,51.36,15,,,
49.0541,11.3286,397,118,51.28,15,,,
49.05883,11.32525,396,118,51.2,15,,,
49.05935,11.32482,397,118,51.12,15,,,
49.06007,11.32414,394,118,51.04,15,,,
49.06049,11.32371,394,118,50.96,15,,,
49.06132,11.32272,392,118,50.88,15,,,
49.06182,11.32206,395,118,50.8,15,,,
49.06233,11.3213,394,118,50.72,15,,,
49.06272,11.32067,391,118,50.64,15,,,
49.06316,11.31988,392,118,50.56,15,,,
49.07388,11.29837,396,118,50.48,15,,,
49.07437,11.29747,393,118,50.4,15,,,
49.07534,11.29594,392,118,50.32,15,,,
49.07586,11.29521,396,118,50.24,15,,,
49.07671,11.29411,395,118,50.16,15,,,
49.07709,11.29367,393,118,50.08,15,,,
49.07835,11.29243,391,118,50,15,,,
49.07929,11.29163,391,118,49.92,15,,,
49.0806,11.2906,393,118,49.84,15,,,
49.08136,11.29008,396,118,49.76,15,,,
49.08196,11.28976,395,118,49.68,15,,,
49.0829,11.28931,399,118,49.6,15,,,
49.08384,11.28894,400,118,49.52,15,,,
49.08567,11.28843,402,118,49.44,15,,,
49.09635,11.2857,410,118,49.36,15,,,
49.10154,11.28432,417,118,49.28,15,,,
49.10382,11.28375,412,118,49.2,15,,,
49.10419,11.28363,412,118,49.12,15,,,
49.10534,11.28314,411,118,49.04,15,,,
49.10611,11.28276,412,118,48.96,15,,,
49.10746,11.28195,415,118,48.88,15,,,
49.10912,11.28081,419,118,48.8,15,,,
49.11058,11.27997,425,118,48.72,15,,,
49.11196,11.27937,426,118,48.64,15,,,
49.11349,11.27892,433,118,48.56,15,,,
49.11793,11.27768,439,118,48.48,15,,,
49.12018,11.27709,443,118,48.4,15,,,
49.12067,11.27693,443,118,48.32,15,,,
49.12176,11.27653,447,118,48.24,15,,,
49.12254,11.27617,448,118,48.16,15,,,
49.12404,11.27535,449,118,48.08,15,,,
49.12518,11.27469,454,118,48,15,,,
49.12672,11.27388,454,118,47.92,15,,,
49.13062,11.27173,453,118,47.84,15,,,
49.13162,11.27121,452,118,47.76,15,,,
49.13278,11.27072,450,118,47.68,15,,,
49.13366,11.27045,449,118,47.6,15,,,
49.13438,11.27027,448,118,47.52,15,,,
49.1404,11.26882,426,118,47.44,15,,,
49.14546,11.26771,419,118,47.36,15,,,
49.14905,11.26685,418,118,47.28,15,,,
49.156,11.26527,429,118,47.2,15,,,
49.16356,11.26365,422,118,47.12,15,,,
49.16469,11.26344,423,118,47.04,15,,,
49.16881,11.26254,434,118,46.96,15,,,
49.17188,11.26189,436,118,46.88,15,,,
49.17314,11.26157,441,118,46.8,15,,,
49.17423,11.2612,443,118,46.72,15,,,
49.17585,11.2605,443,118,46.64,15,,,
49.17699,11.25987,444,118,46.56,15,,,
49.17775,11.2594,448,118,46.48,15,,,
49.1783,11.25903,449,118,46.4,15,,,
49.17887,11.25861,447,118,46.32,15,,,
49.18008,11.25763,443,118,46.24,15,,,
49.18315,11.25506,438,118,46.16,15,,,
49.19258,11.24708,414,118,46.08,15,,,
49.19441,11.2455,421,118,46,15,,,
49.19802,11.2425,425,118,45.92,15,,,
49.19938,11.24131,422,118,45.84,15,,,
49.20639,11.2354,397,118,45.76,15,,,
49.21414,11.22883,429,118,45.68,15,,,
49.21473,11.22837,431,118,45.6,15,,,
49.21532,11.22795,432,118,45.52,15,,,
49.21616,11.22741,434,118,45.44,15,,,
49.21708,11.22691,434,118,45.36,15,,,
49.21762,11.22663,434,118,45.28,15,,,
49.21908,11.22608,435,118,45.2,15,,,
49.22538,11.22393,429,118,45.12,15,,,
49.23312,11.22125,398,118,45.04,15,,,
49.23859,11.21938,385,118,44.96,15,,,
49.2404,11.21874,384,118,44.88,15,,,
49.24254,11.21808,387,118,44.8,15,,,
49.26287,11.21325,393,118,44.72,15,,,
49.26717,11.21233,400,118,44.64,15,,,
49.274,11.21062,384,118,44.56,15,,,
49.27664,11.21001,392,118,44.48,15,,,
49.27818,11.20967,398,118,44.4,15,,,
49.27992,11.20938,399,118,44.32,15,,,
49.28076,11.20927,396,118,44.24,15,,,
49.28218,11.20917,390,118,44.16,15,,,
49.2841,11.20904,386,118,44.08,15,,,
49.29458,11.20853,383,118,44,15,,,
49.29759,11.20842,384,118,43.92,15,,,
49.30817,11.20788,387,118,43.84,15,,,
49.3135,11.20766,390,118,43.76,15,,,
49.31458,11.20756,388,118,43.68,15,,,
49.31592,11.20739,389,118,43.6,15,,,
49.32105,11.20666,382,118,43.52,15,,,
49.32727,11.20584,374,118,43.44,15,,,
49.32923,11.20555,368,118,43.36,15,,,
49.33467,11.20481,376,118,43.28,15,,,
49.33977,11.20406,379,118,43.2,15,,,
49.34114,11.20395,376,118,43.12,15,,,
49.3425,11.20393,375,118,43.04,15,,,
49.34281,11.20403,375,118,42.96,15,,,
49.343,11.20404,375,118,42.88,15,,,
49.34354,11.20417,376,118,42.8,15,,,
49.34379,11.20428,376,118,42.72,15,,,
49.34419,11.20453,375,118,42.64,15,,,
49.34498,11.20519,376,118,42.56,15,,,
49.34531,11.20542,376,118,42.48,15,,,
49.3457,11.20565,374,118,42.4,15,,,
49.34589,11.20574,373,118,42.32,15,,,
49.3463,11.20585,373,118,42.24,15,,,
49.34665,11.20588,373,118,42.16,15,,,
49.34687,11.20587,372,118,42.08,15,,,
49.3473,11.20578,373,118,42,15,,,
49.3477,11.20562,371,118,41.92,15,,,
49.34794,11.20547,369,118,41.84,15,,,
49.34828,11.20521,368,118,41.76,15,,,
49.34863,11.20488,368,118,41.68,15,,,
49.34898,11.20447,368,118,41.6,15,,,
49.3493,11.20405,368,118,41.52,15,,,
49.35004,11.20292,368,118,41.44,15,,,
49.35057,11.20216,364,118,41.36,15,,,
49.35096,11.2017,361,118,41.28,15,,,
49.35133,11.20133,360,118,41.2,15,,,
49.35161,11.2011,360,118,41.12,15,,,
49.3521,11.20076,358,118,41.04,15,,,
49.3527,11.20045,359,118,40.96,15,,,
49.35306,11.20033,357,118,40.88,15,,,
49.35358,11.20023,357,118,40.8,15,,,
49.35423,11.20019,354,118,40.72,15,,,
49.35507,11.20029,352,118,40.64,15,,,
49.35603,11.2005,349,118,40.56,15,,,
49.35729,11.20071,353,118,40.48,15,,,
49.35803,11.20074,352,118,40.4,15,,,
49.35863,11.20071,355,118,40.32,15,,,
49.35963,11.20051,355,118,40.24,15,,,
49.36018,11.20033,358,118,40.16,15,,,
49.36074,11.20007,358,118,40.08,15,,,
49.36148,11.19964,358,118,40,15,,,
49.36192,11.19934,355,118,39.92,15,,,
49.36249,11.19886,355,118,39.84,15,,,
49.36312,11.19825,359,118,39.76,15,,,
49.36341,11.19793,358,118,39.68,15,,,
49.36368,11.1976,357,118,39.6,15,,,
49.3643,11.19675,358,118,39.52,15,,,
49.36469,11.19612,358,118,39.44,15,,,
49.36521,11.19518,359,118,39.36,15,,,
49.36571,11.19401,355,118,39.28,15,,,
49.366,11.1932,357,118,39.2,15,,,
49.36629,11.19226,357,118,39.12,15,,,
49.36641,11.19176,356,118,39.04,15,,,
49.36662,11.19082,358,118,38.96,15,,,
49.36672,11.19027,358,118,38.88,15,,,
49.3669,11.18891,357,118,38.8,15,,,
49.36708,11.18722,355,118,38.72,15,,,
49.36712,11.1867,356,118,38.64,15,,,
49.36722,11.18521,352,118,38.56,15,,,
49.36743,11.18079,356,118,38.48,15,,,
49.36751,11.17955,353,118,38.4,15,,,
49.36762,11.17833,352,118,38.32,15,,,
49.36771,11.17744,352,118,38.24,15,,,
49.3679,11.1759,353,118,38.16,15,,,
49.36817,11.17406,355,118,38.08,15,,,
49.36844,11.17257,355,118,38,15,,,
49.36861,11.17169,352,118,37.92,15,,,
49.36894,11.17021,359,118,37.84,15,,,
49.36933,11.16867,360,118,37.76,15,,,
49.3699,11.16665,363,118,37.68,15,,,
49.37065,11.16419,361,118,37.6,15,,,
49.37164,11.16102,360,118,37.52,15,,,
49.37204,11.15966,362,118,37.44,15,,,
49.37221,11.15936,362,118,37.36,15,,,
49.37238,11.15877,363,118,37.28,15,,,
49.37245,11.15859,363,118,37.2,15,,,
49.37263,11.15812,361,118,37.12,15,,,
49.37298,11.15748,360,118,37.04,15,,,
49.37338,11.15686,358,118,36.96,15,,,
49.37377,11.15636,360,118,36.88,15,,,
49.37448,11.15557,362,118,36.8,15,,,
49.37483,11.15524,363,118,36.72,15,,,
49.37519,11.15494,364,118,36.64,15,,,
49.37563,11.15466,366,118,36.56,15,,,
49.37578,11.15452,367,118,36.48,15,,,
49.37616,11.15438,370,118,36.4,15,,,
49.37676,11.15406,372,118,36.32,15,,,
49.37708,11.15383,369,118,36.24,15,,,
49.37746,11.15349,367,118,36.16,15,,,
49.37801,11.15294,366,118,36.08,15,,,
49.37858,11.15221,369,118,36,15,,,
49.37922,11.15128,371,118,35.92,15,,,
49.38223,11.14622,379,118,35.84,15,,,
49.38353,11.14427,383,118,35.76,15,,,
49.38436,11.14308,385,118,35.68,15,,,
49.3848,11.14254,386,118,35.6,15,,,
49.38529,11.14203,384,118,35.52,15,,,
49.38597,11.14125,384,118,35.44,15,,,
49.38623,11.14091,384,118,35.36,15,,,
49.38656,11.14039,386,118,35.28,15,,,
49.38687,11.13982,382,118,35.2,15,,,
49.38722,11.13902,382,118,35.12,15,,,
49.38833,11.13573,378,118,35.04,15,,,
49.38966,11.13211,380,118,34.96,15,,,
49.38996,11.13123,381,118,34.88,15,,,
49.39065,11.12912,377,118,34.8,15,,,
49.39094,11.12854,378,118,34.72,15,,,
49.3911,11.12832,380,118,34.64,15,,,
49.39142,11.12806,380,118,34.56,15,,,
49.39239,11.12755,377,118,34.48,15,,,
49.39269,11.12744,372,118,34.4,15,,,
49.39281,11.12742,370,92,34.32,15,,,
49.39312,11.12752,365,88,34.24,15,,,
49.39351,11.12787,359,76,34.16,15,,,
49.39358,11.12795,358,64,34.08,15,,,
49.39358,11.12793,358,58,34,15,,,
49.39357,11.12794,358,54,33.92,15,,,
49.39358,11.12795,358,52,33.84,15,,,
49.39381,11.12748,358,47,33.76,15,,,
49.39406,11.12709,358,42,33.68,16,,,
49.39427,11.12681,357,41,33.6,16,,,
49.39455,11.12652,357,37,33.52,16,,,
49.39492,11.12621,359,37,33.44,16,,,
49.39536,11.1259,356,37,33.36,16,,,
49.39604,11.12544,358,35,33.28,16,,,
49.39662,11.12512,353,35,33.2,16,,,
49.39731,11.12446,353,37,33.12,16,,,
49.39764,11.12407,349,37,33.04,16,,,
49.398,11.12352,349,47,32.96,16,,,
49.39843,11.12421,347,52,32.88,16,,,
49.39899,11.12517,345,52,32.8,16,,,
49.39926,11.12562,344,52,32.72,16,,,
49.39975,11.12631,344,52,32.64,16,,,
49.40031,11.12695,339,56,32.56,16,,,
49.40098,11.12755,346,58,32.48,16,,,
49.40129,11.1277,345,52,32.4,16,,,
49.40148,11.12777,343,52,32.32,16,,,
49.40248,11.12798,340,52,32.24,16,,,
49.40279,11.12807,341,52,32.16,16,,,
49.40297,11.12816,341,52,32.08,16,,,
49.40328,11.12839,339,52,32,16,,,
49.40341,11.12853,338,48,31.92,16,,,
49.40362,11.12882,337,48,31.84,16,,,
49.40373,11.129,337,48,31.76,16,,,
49.4038,11.12917,336,48,31.68,16,,,
49.40427,11.13046,339,42,31.6,16,,,
49.40467,11.13133,336,42,31.52,16,,,
49.40441,11.13154,336,47,31.44,16,,,
49.40332,11.13229,339,42,31.36,16,,,
49.40258,11.13296,338,42,31.28,16,,,
49.40163,11.13403,341,35,31.2,16,,,
49.40167,11.13424,341,26,31.12,16,,,
49.40207,11.13503,341,18,31.04,16,,,
49.40217,11.13504,341,7,30.96,16,,,
49.40338,11.13366,341,4,30.88,16,,,
